filename,ps,ds,dms,cycle
001621.csv,50,10,6,2
001622.csv,50,10,6,4
001623.csv,50,10,6,6
001624.csv,45,80,8,2
001625.csv,45,80,8,4
001626.csv,45,80,8,6
001627.csv,70,50,10,2
001628.csv,70,50,10,4
001629.csv,70,50,10,6
001630.csv,90,20,5,2
001631.csv,90,20,5,4
001632.csv,90,20,5,6
001633.csv,75,25,8,2
001634.csv,75,25,8,4
001635.csv,75,25,8,6
001636.csv,85,100,5,2
001637.csv,85,100,5,4
001638.csv,85,100,5,6
001639.csv,100,35,7,2
001640.csv,100,35,7,4
001641.csv,100,35,7,6
001642.csv,70,40,8,2
001643.csv,70,40,8,4
001644.csv,70,40,8,6
001645.csv,50,95,8,2
001646.csv,50,95,8,4
001647.csv,50,95,8,6
001648.csv,55,50,8,2
001649.csv,55,50,8,4
001650.csv,55,50,8,6
001651.csv,50,30,9,2
001652.csv,50,30,9,4
001653.csv,50,30,9,6
001654.csv,105,45,5,2
001655.csv,105,45,5,4
001656.csv,105,45,5,6
001657.csv,50,60,6,2
001658.csv,50,60,6,4
001659.csv,50,60,6,6
001660.csv,85,70,9,2
001661.csv,85,70,9,4
001662.csv,85,70,9,6
001663.csv,85,75,10,2
001664.csv,85,75,10,4
001665.csv,85,75,10,6
001666.csv,40,15,7,2
001667.csv,40,15,7,4
001668.csv,40,15,7,6
001669.csv,55,30,7,2
001670.csv,55,30,7,4
001671.csv,55,30,7,6
001672.csv,95,20,7,2
001673.csv,95,20,7,4
001674.csv,95,20,7,6
001675.csv,80,15,9,2
001676.csv,80,15,9,4
001677.csv,80,15,9,6
001678.csv,45,60,8,2
001679.csv,45,60,8,4
001680.csv,45,60,8,6
001681.csv,90,70,6,2
001682.csv,90,70,6,4
001683.csv,90,70,6,6
001684.csv,95,40,8,2
001685.csv,95,40,8,4
001686.csv,95,40,8,6
001687.csv,60,35,7,2
001688.csv,60,35,7,4
001689.csv,60,35,7,6
001690.csv,60,5,8,2
001691.csv,60,5,8,4
001692.csv,60,5,8,6
001693.csv,50,50,6,2
001694.csv,50,50,6,4
001695.csv,50,50,6,6
001696.csv,90,105,6,2
001697.csv,90,105,6,4
001698.csv,90,105,6,6
001699.csv,45,100,5,2
001700.csv,45,100,5,4
001701.csv,45,100,5,6
001702.csv,40,65,8,2
001703.csv,40,65,8,4
001704.csv,40,65,8,6
001705.csv,65,70,9,2
001706.csv,65,70,9,4
001707.csv,65,70,9,6
001708.csv,40,0,7,2
001709.csv,40,0,7,4
001710.csv,40,0,7,6
001711.csv,65,60,9,2
001712.csv,65,60,9,4
001713.csv,65,60,9,6
001714.csv,90,35,6,2
001715.csv,90,35,6,4
001716.csv,90,35,6,6
001717.csv,70,45,10,2
001718.csv,70,45,10,4
001719.csv,70,45,10,6
001720.csv,40,25,7,2
001721.csv,40,25,7,4
001722.csv,40,25,7,6
001723.csv,100,20,7,2
001724.csv,100,20,7,4
001725.csv,100,20,7,6
001726.csv,50,25,9,2
001727.csv,50,25,9,4
001728.csv,50,25,9,6
001729.csv,95,20,6,2
001730.csv,95,20,6,4
001731.csv,95,20,6,6
001732.csv,75,15,5,2
001733.csv,75,15,5,4
001734.csv,75,15,5,6
001735.csv,85,105,6,2
001736.csv,85,105,6,4
001737.csv,85,105,6,6
001738.csv,40,5,6,2
001739.csv,40,5,6,4
001740.csv,40,5,6,6
001741.csv,75,50,8,2
001742.csv,75,50,8,4
001743.csv,75,50,8,6
001744.csv,80,45,7,2
001745.csv,80,45,7,4
001746.csv,80,45,7,6
001747.csv,75,105,8,2
001748.csv,75,105,8,4
001749.csv,75,105,8,6
001750.csv,70,10,9,2
001751.csv,70,10,9,4
001752.csv,70,10,9,6
001753.csv,45,65,7,2
001754.csv,45,65,7,4
001755.csv,45,65,7,6
001756.csv,55,15,8,2
001757.csv,55,15,8,4
001758.csv,55,15,8,6
001759.csv,85,30,7,2
001760.csv,85,30,7,4
001761.csv,85,30,7,6
001762.csv,60,35,10,2
001763.csv,60,35,10,4
001764.csv,60,35,10,6
001765.csv,100,5,10,2
001766.csv,100,5,10,4
001767.csv,100,5,10,6
001768.csv,65,10,6,2
001769.csv,65,10,6,4
001770.csv,65,10,6,6
001771.csv,80,90,7,2
001772.csv,80,90,7,4
001773.csv,80,90,7,6
001774.csv,100,40,10,2
001775.csv,100,40,10,4
001776.csv,100,40,10,6
001777.csv,70,40,5,2
001778.csv,70,40,5,4
001779.csv,70,40,5,6
001780.csv,100,55,7,2
001781.csv,100,55,7,4
001782.csv,100,55,7,6
001783.csv,45,75,8,2
001784.csv,45,75,8,4
001785.csv,45,75,8,6
001786.csv,100,15,10,2
001787.csv,100,15,10,4
001788.csv,100,15,10,6
001789.csv,85,10,10,2
001790.csv,85,10,10,4
001791.csv,85,10,10,6
001792.csv,105,0,10,2
001793.csv,105,0,10,4
001794.csv,105,0,10,6
001795.csv,85,70,10,2
001796.csv,85,70,10,4
001797.csv,85,70,10,6
001798.csv,75,75,7,2
001799.csv,75,75,7,4
001800.csv,75,75,7,6
001801.csv,65,25,8,2
001802.csv,65,25,8,4
001803.csv,65,25,8,6
001804.csv,95,80,5,2
001805.csv,95,80,5,4
001806.csv,95,80,5,6
001807.csv,40,65,5,2
001808.csv,40,65,5,4
001809.csv,40,65,5,6
001810.csv,95,0,9,2
001811.csv,95,0,9,4
001812.csv,95,0,9,6
001813.csv,65,25,10,2
001814.csv,65,25,10,4
001815.csv,65,25,10,6
001816.csv,65,20,5,2
001817.csv,65,20,5,4
001818.csv,65,20,5,6
001819.csv,95,100,6,2
001820.csv,95,100,6,4
001821.csv,95,100,6,6
001822.csv,90,105,5,2
001823.csv,90,105,5,4
001824.csv,90,105,5,6
001825.csv,55,75,8,2
001826.csv,55,75,8,4
001827.csv,55,75,8,6
001828.csv,45,0,6,2
001829.csv,45,0,6,4
001830.csv,45,0,6,6
001831.csv,105,55,10,2
001832.csv,105,55,10,4
001833.csv,105,55,10,6
001834.csv,50,60,5,2
001835.csv,50,60,5,4
001836.csv,50,60,5,6
001837.csv,65,100,8,2
001838.csv,65,100,8,4
001839.csv,65,100,8,6
001840.csv,60,75,6,2
001841.csv,60,75,6,4
001842.csv,60,75,6,6
001843.csv,65,85,6,2
001844.csv,65,85,6,4
001845.csv,65,85,6,6
001846.csv,65,80,9,2
001847.csv,65,80,9,4
001848.csv,65,80,9,6
001849.csv,65,55,9,2
001850.csv,65,55,9,4
001851.csv,65,55,9,6
001852.csv,75,5,5,2
001853.csv,75,5,5,4
001854.csv,75,5,5,6
001855.csv,95,95,8,2
001856.csv,95,95,8,4
001857.csv,95,95,8,6
001858.csv,90,20,7,2
001859.csv,90,20,7,4
001860.csv,90,20,7,6
001861.csv,45,35,5,2
001862.csv,45,35,5,4
001863.csv,45,35,5,6
001864.csv,45,65,5,2
001865.csv,45,65,5,4
001866.csv,45,65,5,6
001867.csv,55,45,9,2
001868.csv,55,45,9,4
001869.csv,55,45,9,6
001870.csv,65,20,6,2
001871.csv,65,20,6,4
001872.csv,65,20,6,6
001873.csv,95,40,9,2
001874.csv,95,40,9,4
001875.csv,95,40,9,6
001876.csv,70,5,10,2
001877.csv,70,5,10,4
001878.csv,70,5,10,6
001879.csv,40,80,10,2
001880.csv,40,80,10,4
001881.csv,40,80,10,6
001882.csv,85,25,8,2
001883.csv,85,25,8,4
001884.csv,85,25,8,6
001885.csv,105,50,8,2
001886.csv,105,50,8,4
001887.csv,105,50,8,6
001888.csv,55,100,9,2
001889.csv,55,100,9,4
001890.csv,55,100,9,6
001891.csv,85,90,6,2
001892.csv,85,90,6,4
001893.csv,85,90,6,6
001894.csv,105,100,9,2
001895.csv,105,100,9,4
001896.csv,105,100,9,6
001897.csv,85,35,8,2
001898.csv,85,35,8,4
001899.csv,85,35,8,6
001900.csv,75,65,10,2
001901.csv,75,65,10,4
001902.csv,75,65,10,6
001903.csv,40,20,10,2
001904.csv,40,20,10,4
001905.csv,40,20,10,6
001906.csv,95,0,8,2
001907.csv,95,0,8,4
001908.csv,95,0,8,6
001909.csv,40,15,10,2
001910.csv,40,15,10,4
001911.csv,40,15,10,6
001912.csv,95,105,7,2
001913.csv,95,105,7,4
001914.csv,95,105,7,6
001915.csv,65,0,7,2
001916.csv,65,0,7,4
001917.csv,65,0,7,6
001918.csv,80,70,9,2
001919.csv,80,70,9,4
001920.csv,80,70,9,6
001921.csv,75,25,7,2
001922.csv,75,25,7,4
001923.csv,75,25,7,6
001924.csv,85,0,7,2
001925.csv,85,0,7,4
001926.csv,85,0,7,6
001927.csv,90,100,6,2
001928.csv,90,100,6,4
001929.csv,90,100,6,6
001930.csv,90,25,7,2
001931.csv,90,25,7,4
001932.csv,90,25,7,6
001933.csv,40,30,8,2
001934.csv,40,30,8,4
001935.csv,40,30,8,6
001936.csv,80,50,6,2
001937.csv,80,50,6,4
001938.csv,80,50,6,6
001939.csv,100,40,6,2
001940.csv,100,40,6,4
001941.csv,100,40,6,6
001942.csv,90,10,7,2
001943.csv,90,10,7,4
001944.csv,90,10,7,6
001945.csv,90,85,8,2
001946.csv,90,85,8,4
001947.csv,90,85,8,6
001948.csv,65,65,6,2
001949.csv,65,65,6,4
001950.csv,65,65,6,6
001951.csv,90,55,7,2
001952.csv,90,55,7,4
001953.csv,90,55,7,6
001954.csv,105,85,9,2
001955.csv,105,85,9,4
001956.csv,105,85,9,6
001957.csv,40,25,9,2
001958.csv,40,25,9,4
001959.csv,40,25,9,6
001960.csv,95,10,8,2
001961.csv,95,10,8,4
001962.csv,95,10,8,6
001963.csv,50,55,10,2
001964.csv,50,55,10,4
001965.csv,50,55,10,6
001966.csv,90,80,10,2
001967.csv,90,80,10,4
001968.csv,90,80,10,6
001969.csv,45,90,5,2
001970.csv,45,90,5,4
001971.csv,45,90,5,6
001972.csv,45,45,9,2
001973.csv,45,45,9,4
001974.csv,45,45,9,6
001975.csv,55,45,5,2
001976.csv,55,45,5,4
001977.csv,55,45,5,6
001978.csv,75,10,10,2
001979.csv,75,10,10,4
001980.csv,75,10,10,6
001981.csv,65,90,8,2
001982.csv,65,90,8,4
001983.csv,65,90,8,6
001984.csv,95,25,5,2
001985.csv,95,25,5,4
001986.csv,95,25,5,6
001987.csv,55,5,9,2
001988.csv,55,5,9,4
001989.csv,55,5,9,6
001990.csv,80,95,7,2
001991.csv,80,95,7,4
001992.csv,80,95,7,6
001993.csv,105,15,7,2
001994.csv,105,15,7,4
001995.csv,105,15,7,6
001996.csv,85,70,7,2
001997.csv,85,70,7,4
001998.csv,85,70,7,6
001999.csv,80,50,5,2
002000.csv,80,50,5,4
002001.csv,80,50,5,6
002002.csv,55,20,10,2
002003.csv,55,20,10,4
002004.csv,55,20,10,6
002005.csv,50,40,7,2
002006.csv,50,40,7,4
002007.csv,50,40,7,6
002008.csv,40,20,6,2
002009.csv,40,20,6,4
002010.csv,40,20,6,6
002011.csv,40,40,5,2
002012.csv,40,40,5,4
002013.csv,40,40,5,6
002014.csv,70,20,7,2
002015.csv,70,20,7,4
002016.csv,70,20,7,6
002017.csv,65,5,10,2
002018.csv,65,5,10,4
002019.csv,65,5,10,6
002020.csv,85,20,7,2
002021.csv,85,20,7,4
002022.csv,85,20,7,6
002023.csv,90,60,10,2
002024.csv,90,60,10,4
002025.csv,90,60,10,6
002026.csv,70,105,7,2
002027.csv,70,105,7,4
002028.csv,70,105,7,6
002029.csv,50,95,7,2
002030.csv,50,95,7,4
002031.csv,50,95,7,6
002032.csv,95,20,8,2
002033.csv,95,20,8,4
002034.csv,95,20,8,6
002035.csv,50,15,8,2
002036.csv,50,15,8,4
002037.csv,50,15,8,6
002038.csv,75,40,9,2
002039.csv,75,40,9,4
002040.csv,75,40,9,6
002041.csv,55,55,9,2
002042.csv,55,55,9,4
002043.csv,55,55,9,6
002044.csv,55,60,9,2
002045.csv,55,60,9,4
002046.csv,55,60,9,6
002047.csv,50,70,8,2
002048.csv,50,70,8,4
002049.csv,50,70,8,6
002050.csv,60,100,8,2
002051.csv,60,100,8,4
002052.csv,60,100,8,6
002053.csv,70,25,6,2
002054.csv,70,25,6,4
002055.csv,70,25,6,6
002056.csv,80,105,7,2
002057.csv,80,105,7,4
002058.csv,80,105,7,6
002059.csv,105,10,7,2
002060.csv,105,10,7,4
002061.csv,105,10,7,6
002062.csv,75,10,6,2
002063.csv,75,10,6,4
002064.csv,75,10,6,6
002065.csv,95,30,9,2
002066.csv,95,30,9,4
002067.csv,95,30,9,6
002068.csv,80,95,5,2
002069.csv,80,95,5,4
002070.csv,80,95,5,6
002071.csv,50,80,10,2
002072.csv,50,80,10,4
002073.csv,50,80,10,6
002074.csv,95,60,9,2
002075.csv,95,60,9,4
002076.csv,95,60,9,6
002077.csv,45,95,7,2
002078.csv,45,95,7,4
002079.csv,45,95,7,6
002080.csv,45,10,8,2
002081.csv,45,10,8,4
002082.csv,45,10,8,6
002083.csv,75,55,8,2
002084.csv,75,55,8,4
002085.csv,75,55,8,6
002086.csv,95,65,10,2
002087.csv,95,65,10,4
002088.csv,95,65,10,6
002089.csv,105,70,7,2
002090.csv,105,70,7,4
002091.csv,105,70,7,6
002092.csv,95,5,5,2
002093.csv,95,5,5,4
002094.csv,95,5,5,6
002095.csv,50,80,8,2
002096.csv,50,80,8,4
002097.csv,50,80,8,6
002098.csv,60,25,6,2
002099.csv,60,25,6,4
002100.csv,60,25,6,6
002101.csv,60,45,7,2
002102.csv,60,45,7,4
002103.csv,60,45,7,6
002104.csv,105,20,8,2
002105.csv,105,20,8,4
002106.csv,105,20,8,6
002107.csv,95,105,10,2
002108.csv,95,105,10,4
002109.csv,95,105,10,6
002110.csv,95,65,7,2
002111.csv,95,65,7,4
002112.csv,95,65,7,6
002113.csv,90,40,9,2
002114.csv,90,40,9,4
002115.csv,90,40,9,6
002116.csv,60,30,8,2
002117.csv,60,30,8,4
002118.csv,60,30,8,6
002119.csv,75,75,6,2
002120.csv,75,75,6,4
002121.csv,75,75,6,6
002122.csv,65,50,10,2
002123.csv,65,50,10,4
002124.csv,65,50,10,6
002125.csv,85,90,10,2
002126.csv,85,90,10,4
002127.csv,85,90,10,6
002128.csv,65,75,8,2
002129.csv,65,75,8,4
002130.csv,65,75,8,6
002131.csv,90,15,7,2
002132.csv,90,15,7,4
002133.csv,90,15,7,6
002134.csv,60,65,9,2
002135.csv,60,65,9,4
002136.csv,60,65,9,6
002137.csv,100,105,5,2
002138.csv,100,105,5,4
002139.csv,100,105,5,6
002140.csv,75,45,6,2
002141.csv,75,45,6,4
002142.csv,75,45,6,6
002143.csv,90,5,8,2
002144.csv,90,5,8,4
002145.csv,90,5,8,6
002146.csv,105,45,7,2
002147.csv,105,45,7,4
002148.csv,105,45,7,6
002149.csv,85,65,9,2
002150.csv,85,65,9,4
002151.csv,85,65,9,6
002152.csv,65,55,8,2
002153.csv,65,55,8,4
002154.csv,65,55,8,6
002155.csv,70,50,9,2
002156.csv,70,50,9,4
002157.csv,70,50,9,6
002158.csv,60,95,7,2
002159.csv,60,95,7,4
002160.csv,60,95,7,6
002161.csv,90,70,8,2
002162.csv,90,70,8,4
002163.csv,90,70,8,6
002164.csv,90,5,10,2
002165.csv,90,5,10,4
002166.csv,90,5,10,6
002167.csv,40,20,9,2
002168.csv,40,20,9,4
002169.csv,40,20,9,6
002170.csv,80,10,10,2
002171.csv,80,10,10,4
002172.csv,80,10,10,6
002173.csv,65,40,6,2
002174.csv,65,40,6,4
002175.csv,65,40,6,6
002176.csv,40,75,10,2
002177.csv,40,75,10,4
002178.csv,40,75,10,6
002179.csv,85,90,9,2
002180.csv,85,90,9,4
002181.csv,85,90,9,6
002182.csv,50,5,7,2
002183.csv,50,5,7,4
002184.csv,50,5,7,6
002185.csv,65,55,7,2
002186.csv,65,55,7,4
002187.csv,65,55,7,6
002188.csv,75,75,9,2
002189.csv,75,75,9,4
002190.csv,75,75,9,6
002191.csv,75,40,5,2
002192.csv,75,40,5,4
002193.csv,75,40,5,6
002194.csv,90,5,9,2
002195.csv,90,5,9,4
002196.csv,90,5,9,6
002197.csv,80,0,7,2
002198.csv,80,0,7,4
002199.csv,80,0,7,6
002200.csv,80,20,7,2
002201.csv,80,20,7,4
002202.csv,80,20,7,6
002203.csv,100,90,10,2
002204.csv,100,90,10,4
002205.csv,100,90,10,6
002206.csv,45,40,7,2
002207.csv,45,40,7,4
002208.csv,45,40,7,6
002209.csv,70,105,10,2
002210.csv,70,105,10,4
002211.csv,70,105,10,6
002212.csv,50,90,7,2
002213.csv,50,90,7,4
002214.csv,50,90,7,6
002215.csv,85,20,8,2
002216.csv,85,20,8,4
002217.csv,85,20,8,6
002218.csv,90,95,10,2
002219.csv,90,95,10,4
002220.csv,90,95,10,6
002221.csv,80,90,5,2
002222.csv,80,90,5,4
002223.csv,80,90,5,6
002224.csv,75,60,6,2
002225.csv,75,60,6,4
002226.csv,75,60,6,6
002227.csv,55,75,10,2
002228.csv,55,75,10,4
002229.csv,55,75,10,6
002230.csv,60,80,7,2
002231.csv,60,80,7,4
002232.csv,60,80,7,6
002233.csv,95,95,6,2
002234.csv,95,95,6,4
002235.csv,95,95,6,6
002236.csv,55,85,9,2
002237.csv,55,85,9,4
002238.csv,55,85,9,6
002239.csv,50,25,5,2
002240.csv,50,25,5,4
002241.csv,50,25,5,6
002242.csv,75,5,10,2
002243.csv,75,5,10,4
002244.csv,75,5,10,6
002245.csv,90,50,8,2
002246.csv,90,50,8,4
002247.csv,90,50,8,6
002248.csv,45,30,7,2
002249.csv,45,30,7,4
002250.csv,45,30,7,6
002251.csv,60,90,7,2
002252.csv,60,90,7,4
002253.csv,60,90,7,6
002254.csv,80,30,10,2
002255.csv,80,30,10,4
002256.csv,80,30,10,6
002257.csv,65,60,10,2
002258.csv,65,60,10,4
002259.csv,65,60,10,6
002260.csv,100,5,7,2
002261.csv,100,5,7,4
002262.csv,100,5,7,6
002263.csv,95,5,9,2
002264.csv,95,5,9,4
002265.csv,95,5,9,6
002266.csv,40,0,8,2
002267.csv,40,0,8,4
002268.csv,40,0,8,6
002269.csv,45,35,8,2
002270.csv,45,35,8,4
002271.csv,45,35,8,6
002272.csv,50,0,5,2
002273.csv,50,0,5,4
002274.csv,50,0,5,6
002275.csv,105,0,9,2
002276.csv,105,0,9,4
002277.csv,105,0,9,6
002278.csv,95,15,5,2
002279.csv,95,15,5,4
002280.csv,95,15,5,6
002281.csv,40,50,10,2
002282.csv,40,50,10,4
002283.csv,40,50,10,6
002284.csv,105,70,5,2
002285.csv,105,70,5,4
002286.csv,105,70,5,6
002287.csv,85,50,10,2
002288.csv,85,50,10,4
002289.csv,85,50,10,6
002290.csv,100,55,6,2
002291.csv,100,55,6,4
002292.csv,100,55,6,6
002293.csv,90,40,7,2
002294.csv,90,40,7,4
002295.csv,90,40,7,6
002296.csv,100,25,5,2
002297.csv,100,25,5,4
002298.csv,100,25,5,6
002299.csv,70,100,7,2
002300.csv,70,100,7,4
002301.csv,70,100,7,6
002302.csv,40,25,6,2
002303.csv,40,25,6,4
002304.csv,40,25,6,6
002305.csv,50,65,8,2
002306.csv,50,65,8,4
002307.csv,50,65,8,6
002308.csv,100,95,5,2
002309.csv,100,95,5,4
002310.csv,100,95,5,6
002311.csv,50,20,9,2
002312.csv,50,20,9,4
002313.csv,50,20,9,6
002314.csv,90,60,6,2
002315.csv,90,60,6,4
002316.csv,90,60,6,6
002317.csv,60,50,6,2
002318.csv,60,50,6,4
002319.csv,60,50,6,6
002320.csv,75,65,9,2
002321.csv,75,65,9,4
002322.csv,75,65,9,6
002323.csv,45,40,6,2
002324.csv,45,40,6,4
002325.csv,45,40,6,6
002326.csv,75,20,6,2
002327.csv,75,20,6,4
002328.csv,75,20,6,6
002329.csv,50,55,6,2
002330.csv,50,55,6,4
002331.csv,50,55,6,6
002332.csv,105,85,10,2
002333.csv,105,85,10,4
002334.csv,105,85,10,6
002335.csv,40,60,6,2
002336.csv,40,60,6,4
002337.csv,40,60,6,6
002338.csv,80,95,9,2
002339.csv,80,95,9,4
002340.csv,80,95,9,6
002341.csv,85,50,8,2
002342.csv,85,50,8,4
002343.csv,85,50,8,6
002344.csv,85,90,8,2
002345.csv,85,90,8,4
002346.csv,85,90,8,6
002347.csv,60,100,9,2
002348.csv,60,100,9,4
002349.csv,60,100,9,6
002350.csv,55,20,5,2
002351.csv,55,20,5,4
002352.csv,55,20,5,6
002353.csv,90,30,8,2
002354.csv,90,30,8,4
002355.csv,90,30,8,6
002356.csv,80,80,6,2
002357.csv,80,80,6,4
002358.csv,80,80,6,6
002359.csv,40,50,5,2
002360.csv,40,50,5,4
002361.csv,40,50,5,6
002362.csv,55,15,7,2
002363.csv,55,15,7,4
002364.csv,55,15,7,6
002365.csv,75,5,8,2
002366.csv,75,5,8,4
002367.csv,75,5,8,6
002368.csv,80,105,6,2
002369.csv,80,105,6,4
002370.csv,80,105,6,6
002371.csv,100,5,9,2
002372.csv,100,5,9,4
002373.csv,100,5,9,6
002374.csv,55,85,5,2
002375.csv,55,85,5,4
002376.csv,55,85,5,6
002377.csv,70,10,8,2
002378.csv,70,10,8,4
002379.csv,70,10,8,6
002380.csv,55,95,10,2
002381.csv,55,95,10,4
002382.csv,55,95,10,6
002383.csv,60,25,8,2
002384.csv,60,25,8,4
002385.csv,60,25,8,6
002386.csv,50,100,5,2
002387.csv,50,100,5,4
002388.csv,50,100,5,6
002389.csv,60,75,8,2
002390.csv,60,75,8,4
002391.csv,60,75,8,6
002392.csv,45,50,9,2
002393.csv,45,50,9,4
002394.csv,45,50,9,6
002395.csv,85,85,10,2
002396.csv,85,85,10,4
002397.csv,85,85,10,6
002398.csv,60,100,6,2
002399.csv,60,100,6,4
002400.csv,60,100,6,6
002401.csv,95,30,10,2
002402.csv,95,30,10,4
002403.csv,95,30,10,6
002404.csv,70,85,8,2
002405.csv,70,85,8,4
002406.csv,70,85,8,6
002407.csv,85,45,7,2
002408.csv,85,45,7,4
002409.csv,85,45,7,6
002410.csv,85,35,5,2
002411.csv,85,35,5,4
002412.csv,85,35,5,6
002413.csv,40,100,6,2
002414.csv,40,100,6,4
002415.csv,40,100,6,6
002416.csv,80,10,6,2
002417.csv,80,10,6,4
002418.csv,80,10,6,6
002419.csv,85,75,8,2
002420.csv,85,75,8,4
002421.csv,85,75,8,6
002422.csv,40,100,10,2
002423.csv,40,100,10,4
002424.csv,40,100,10,6
002425.csv,80,80,10,2
002426.csv,80,80,10,4
002427.csv,80,80,10,6
002428.csv,90,0,6,2
002429.csv,90,0,6,4
002430.csv,90,0,6,6
002431.csv,90,55,10,2
002432.csv,90,55,10,4
002433.csv,90,55,10,6
002434.csv,45,90,7,2
002435.csv,45,90,7,4
002436.csv,45,90,7,6
002437.csv,65,0,6,2
002438.csv,65,0,6,4
002439.csv,65,0,6,6
002440.csv,65,20,10,2
002441.csv,65,20,10,4
002442.csv,65,20,10,6
002443.csv,60,95,10,2
002444.csv,60,95,10,4
002445.csv,60,95,10,6
002446.csv,85,60,9,2
002447.csv,85,60,9,4
002448.csv,85,60,9,6
002449.csv,40,45,10,2
002450.csv,40,45,10,4
002451.csv,40,45,10,6
002452.csv,105,105,7,2
002453.csv,105,105,7,4
002454.csv,105,105,7,6
002455.csv,100,90,6,2
002456.csv,100,90,6,4
002457.csv,100,90,6,6
002458.csv,60,105,7,2
002459.csv,60,105,7,4
002460.csv,60,105,7,6
002461.csv,65,45,10,2
002462.csv,65,45,10,4
002463.csv,65,45,10,6
002464.csv,95,80,9,2
002465.csv,95,80,9,4
002466.csv,95,80,9,6
002467.csv,75,50,6,2
002468.csv,75,50,6,4
002469.csv,75,50,6,6
002470.csv,105,30,10,2
002471.csv,105,30,10,4
002472.csv,105,30,10,6
002473.csv,65,105,5,2
002474.csv,65,105,5,4
002475.csv,65,105,5,6
002476.csv,40,75,5,2
002477.csv,40,75,5,4
002478.csv,40,75,5,6
002479.csv,65,105,6,2
002480.csv,65,105,6,4
002481.csv,65,105,6,6
002482.csv,85,5,10,2
002483.csv,85,5,10,4
002484.csv,85,5,10,6
002485.csv,75,70,6,2
002486.csv,75,70,6,4
002487.csv,75,70,6,6
002488.csv,95,40,7,2
002489.csv,95,40,7,4
002490.csv,95,40,7,6
002491.csv,55,85,10,2
002492.csv,55,85,10,4
002493.csv,55,85,10,6
002494.csv,65,10,7,2
002495.csv,65,10,7,4
002496.csv,65,10,7,6
002497.csv,60,35,9,2
002498.csv,60,35,9,4
002499.csv,60,35,9,6
002500.csv,45,80,9,2
002501.csv,45,80,9,4
002502.csv,45,80,9,6
002503.csv,55,55,7,2
002504.csv,55,55,7,4
002505.csv,55,55,7,6
002506.csv,40,30,10,2
002507.csv,40,30,10,4
002508.csv,40,30,10,6
002509.csv,105,5,8,2
002510.csv,105,5,8,4
002511.csv,105,5,8,6
002512.csv,55,105,7,2
002513.csv,55,105,7,4
002514.csv,55,105,7,6
002515.csv,60,75,5,2
002516.csv,60,75,5,4
002517.csv,60,75,5,6
002518.csv,80,55,10,2
002519.csv,80,55,10,4
002520.csv,80,55,10,6
002521.csv,50,80,5,2
002522.csv,50,80,5,4
002523.csv,50,80,5,6
002524.csv,75,70,7,2
002525.csv,75,70,7,4
002526.csv,75,70,7,6
002527.csv,45,95,8,2
002528.csv,45,95,8,4
002529.csv,45,95,8,6
002530.csv,45,85,8,2
002531.csv,45,85,8,4
002532.csv,45,85,8,6
002533.csv,55,60,5,2
002534.csv,55,60,5,4
002535.csv,55,60,5,6
002536.csv,100,10,10,2
002537.csv,100,10,10,4
002538.csv,100,10,10,6
002539.csv,55,85,6,2
002540.csv,55,85,6,4
002541.csv,55,85,6,6
002542.csv,75,55,5,2
002543.csv,75,55,5,4
002544.csv,75,55,5,6
002545.csv,40,65,9,2
002546.csv,40,65,9,4
002547.csv,40,65,9,6
002548.csv,75,75,8,2
002549.csv,75,75,8,4
002550.csv,75,75,8,6
002551.csv,45,100,9,2
002552.csv,45,100,9,4
002553.csv,45,100,9,6
002554.csv,105,60,10,2
002555.csv,105,60,10,4
002556.csv,105,60,10,6
002557.csv,80,70,8,2
002558.csv,80,70,8,4
002559.csv,80,70,8,6
002560.csv,45,95,6,2
002561.csv,45,95,6,4
002562.csv,45,95,6,6
002563.csv,80,45,5,2
002564.csv,80,45,5,4
002565.csv,80,45,5,6
002566.csv,90,75,9,2
002567.csv,90,75,9,4
002568.csv,90,75,9,6
002569.csv,50,95,6,2
002570.csv,50,95,6,4
002571.csv,50,95,6,6
002572.csv,65,35,5,2
002573.csv,65,35,5,4
002574.csv,65,35,5,6
002575.csv,90,50,10,2
002576.csv,90,50,10,4
002577.csv,90,50,10,6
002578.csv,75,95,10,2
002579.csv,75,95,10,4
002580.csv,75,95,10,6
002581.csv,95,50,5,2
002582.csv,95,50,5,4
002583.csv,95,50,5,6
002584.csv,85,5,6,2
002585.csv,85,5,6,4
002586.csv,85,5,6,6
002587.csv,105,25,10,2
002588.csv,105,25,10,4
002589.csv,105,25,10,6
002590.csv,40,15,6,2
002591.csv,40,15,6,4
002592.csv,40,15,6,6
002593.csv,60,65,7,2
002594.csv,60,65,7,4
002595.csv,60,65,7,6
002596.csv,85,35,9,2
002597.csv,85,35,9,4
002598.csv,85,35,9,6
002599.csv,55,105,6,2
002600.csv,55,105,6,4
002601.csv,55,105,6,6
002602.csv,40,45,7,2
002603.csv,40,45,7,4
002604.csv,40,45,7,6
002605.csv,55,65,7,2
002606.csv,55,65,7,4
002607.csv,55,65,7,6
002608.csv,70,65,7,2
002609.csv,70,65,7,4
002610.csv,70,65,7,6
002611.csv,50,30,6,2
002612.csv,50,30,6,4
002613.csv,50,30,6,6
002614.csv,55,100,8,2
002615.csv,55,100,8,4
002616.csv,55,100,8,6
002617.csv,95,105,5,2
002618.csv,95,105,5,4
002619.csv,95,105,5,6
002620.csv,50,35,6,2
002621.csv,50,35,6,4
002622.csv,50,35,6,6
002623.csv,65,40,10,2
002624.csv,65,40,10,4
002625.csv,65,40,10,6
002626.csv,50,75,9,2
002627.csv,50,75,9,4
002628.csv,50,75,9,6
002629.csv,90,50,7,2
002630.csv,90,50,7,4
002631.csv,90,50,7,6
002632.csv,75,65,7,2
002633.csv,75,65,7,4
002634.csv,75,65,7,6
002635.csv,75,80,10,2
002636.csv,75,80,10,4
002637.csv,75,80,10,6
002638.csv,40,95,10,2
002639.csv,40,95,10,4
002640.csv,40,95,10,6
002641.csv,50,30,10,2
002642.csv,50,30,10,4
002643.csv,50,30,10,6
002644.csv,70,65,8,2
002645.csv,70,65,8,4
002646.csv,70,65,8,6
002647.csv,40,90,7,2
002648.csv,40,90,7,4
002649.csv,40,90,7,6
002650.csv,90,25,10,2
002651.csv,90,25,10,4
002652.csv,90,25,10,6
002653.csv,95,0,7,2
002654.csv,95,0,7,4
002655.csv,95,0,7,6
002656.csv,75,5,7,2
002657.csv,75,5,7,4
002658.csv,75,5,7,6
002659.csv,65,95,9,2
002660.csv,65,95,9,4
002661.csv,65,95,9,6
002662.csv,40,80,5,2
002663.csv,40,80,5,4
002664.csv,40,80,5,6
002665.csv,50,35,5,2
002666.csv,50,35,5,4
002667.csv,50,35,5,6
002668.csv,105,20,10,2
002669.csv,105,20,10,4
002670.csv,105,20,10,6
002671.csv,80,45,6,2
002672.csv,80,45,6,4
002673.csv,80,45,6,6
002674.csv,70,25,9,2
002675.csv,70,25,9,4
002676.csv,70,25,9,6
002677.csv,105,35,6,2
002678.csv,105,35,6,4
002679.csv,105,35,6,6
002680.csv,85,80,10,2
002681.csv,85,80,10,4
002682.csv,85,80,10,6
002683.csv,85,70,8,2
002684.csv,85,70,8,4
002685.csv,85,70,8,6
002686.csv,45,105,6,2
002687.csv,45,105,6,4
002688.csv,45,105,6,6
002689.csv,40,35,9,2
002690.csv,40,35,9,4
002691.csv,40,35,9,6
002692.csv,100,80,10,2
002693.csv,100,80,10,4
002694.csv,100,80,10,6
002695.csv,70,85,10,2
002696.csv,70,85,10,4
002697.csv,70,85,10,6
002698.csv,105,60,9,2
002699.csv,105,60,9,4
002700.csv,105,60,9,6
002701.csv,70,100,8,2
002702.csv,70,100,8,4
002703.csv,70,100,8,6
002704.csv,55,60,8,2
002705.csv,55,60,8,4
002706.csv,55,60,8,6
002707.csv,60,45,5,2
002708.csv,60,45,5,4
002709.csv,60,45,5,6
002710.csv,55,50,10,2
002711.csv,55,50,10,4
002712.csv,55,50,10,6
002713.csv,70,0,9,2
002714.csv,70,0,9,4
002715.csv,70,0,9,6
002716.csv,55,40,10,2
002717.csv,55,40,10,4
002718.csv,55,40,10,6
002719.csv,80,100,5,2
002720.csv,80,100,5,4
002721.csv,80,100,5,6
002722.csv,40,100,8,2
002723.csv,40,100,8,4
002724.csv,40,100,8,6
002725.csv,80,35,5,2
002726.csv,80,35,5,4
002727.csv,80,35,5,6
002728.csv,55,100,10,2
002729.csv,55,100,10,4
002730.csv,55,100,10,6
002731.csv,95,60,10,2
002732.csv,95,60,10,4
002733.csv,95,60,10,6
002734.csv,105,95,6,2
002735.csv,105,95,6,4
002736.csv,105,95,6,6
002737.csv,70,65,5,2
002738.csv,70,65,5,4
002739.csv,70,65,5,6
002740.csv,60,25,9,2
002741.csv,60,25,9,4
002742.csv,60,25,9,6
002743.csv,55,60,10,2
002744.csv,55,60,10,4
002745.csv,55,60,10,6
002746.csv,55,0,7,2
002747.csv,55,0,7,4
002748.csv,55,0,7,6
002749.csv,90,25,6,2
002750.csv,90,25,6,4
002751.csv,90,25,6,6
002752.csv,105,80,6,2
002753.csv,105,80,6,4
002754.csv,105,80,6,6
002755.csv,55,25,7,2
002756.csv,55,25,7,4
002757.csv,55,25,7,6
002758.csv,75,0,5,2
002759.csv,75,0,5,4
002760.csv,75,0,5,6
002761.csv,55,75,5,2
002762.csv,55,75,5,4
002763.csv,55,75,5,6
002764.csv,80,0,6,2
002765.csv,80,0,6,4
002766.csv,80,0,6,6
002767.csv,60,5,6,2
002768.csv,60,5,6,4
002769.csv,60,5,6,6
002770.csv,100,15,5,2
002771.csv,100,15,5,4
002772.csv,100,15,5,6
002773.csv,100,85,6,2
002774.csv,100,85,6,4
002775.csv,100,85,6,6
002776.csv,100,95,7,2
002777.csv,100,95,7,4
002778.csv,100,95,7,6
002779.csv,105,70,9,2
002780.csv,105,70,9,4
002781.csv,105,70,9,6
002782.csv,55,60,6,2
002783.csv,55,60,6,4
002784.csv,55,60,6,6
002785.csv,55,65,8,2
002786.csv,55,65,8,4
002787.csv,55,65,8,6
002788.csv,55,5,10,2
002789.csv,55,5,10,4
002790.csv,55,5,10,6
002791.csv,70,0,5,2
002792.csv,70,0,5,4
002793.csv,70,0,5,6
002794.csv,100,5,5,2
002795.csv,100,5,5,4
002796.csv,100,5,5,6
002797.csv,40,105,10,2
002798.csv,40,105,10,4
002799.csv,40,105,10,6
002800.csv,105,50,9,2
002801.csv,105,50,9,4
002802.csv,105,50,9,6
002803.csv,70,95,10,2
002804.csv,70,95,10,4
002805.csv,70,95,10,6
002806.csv,60,0,5,2
002807.csv,60,0,5,4
002808.csv,60,0,5,6
002809.csv,100,75,8,2
002810.csv,100,75,8,4
002811.csv,100,75,8,6
002812.csv,45,80,5,2
002813.csv,45,80,5,4
002814.csv,45,80,5,6
002815.csv,75,35,9,2
002816.csv,75,35,9,4
002817.csv,75,35,9,6
002818.csv,80,75,8,2
002819.csv,80,75,8,4
002820.csv,80,75,8,6
002821.csv,50,80,7,2
002822.csv,50,80,7,4
002823.csv,50,80,7,6
002824.csv,95,105,6,2
002825.csv,95,105,6,4
002826.csv,95,105,6,6
002827.csv,40,65,7,2
002828.csv,40,65,7,4
002829.csv,40,65,7,6
002830.csv,85,15,9,2
002831.csv,85,15,9,4
002832.csv,85,15,9,6
002833.csv,75,65,8,2
002834.csv,75,65,8,4
002835.csv,75,65,8,6
002836.csv,40,50,8,2
002837.csv,40,50,8,4
002838.csv,40,50,8,6
002839.csv,105,40,5,2
002840.csv,105,40,5,4
002841.csv,105,40,5,6
002842.csv,95,95,5,2
002843.csv,95,95,5,4
002844.csv,95,95,5,6
002845.csv,80,80,8,2
002846.csv,80,80,8,4
002847.csv,80,80,8,6
002848.csv,100,0,5,2
002849.csv,100,0,5,4
002850.csv,100,0,5,6
002851.csv,105,40,9,2
002852.csv,105,40,9,4
002853.csv,105,40,9,6
002854.csv,95,45,10,2
002855.csv,95,45,10,4
002856.csv,95,45,10,6
002857.csv,60,45,6,2
002858.csv,60,45,6,4
002859.csv,60,45,6,6
002860.csv,105,40,10,2
002861.csv,105,40,10,4
002862.csv,105,40,10,6
002863.csv,100,30,10,2
002864.csv,100,30,10,4
002865.csv,100,30,10,6
002866.csv,50,20,6,2
002867.csv,50,20,6,4
002868.csv,50,20,6,6
002869.csv,105,70,6,2
002870.csv,105,70,6,4
002871.csv,105,70,6,6
002872.csv,80,30,9,2
002873.csv,80,30,9,4
002874.csv,80,30,9,6
002875.csv,90,95,5,2
002876.csv,90,95,5,4
002877.csv,90,95,5,6
002878.csv,105,15,8,2
002879.csv,105,15,8,4
002880.csv,105,15,8,6
002881.csv,75,0,10,2
002882.csv,75,0,10,4
002883.csv,75,0,10,6
002884.csv,95,95,10,2
002885.csv,95,95,10,4
002886.csv,95,95,10,6
002887.csv,65,45,5,2
002888.csv,65,45,5,4
002889.csv,65,45,5,6
002890.csv,45,45,10,2
002891.csv,45,45,10,4
002892.csv,45,45,10,6
002893.csv,95,100,8,2
002894.csv,95,100,8,4
002895.csv,95,100,8,6
002896.csv,50,60,9,2
002897.csv,50,60,9,4
002898.csv,50,60,9,6
002899.csv,105,25,7,2
002900.csv,105,25,7,4
002901.csv,105,25,7,6
002902.csv,85,0,8,2
002903.csv,85,0,8,4
002904.csv,85,0,8,6
002905.csv,65,80,8,2
002906.csv,65,80,8,4
002907.csv,65,80,8,6
002908.csv,70,15,7,2
002909.csv,70,15,7,4
002910.csv,70,15,7,6
002911.csv,80,80,9,2
002912.csv,80,80,9,4
002913.csv,80,80,9,6
002914.csv,55,0,6,2
002915.csv,55,0,6,4
002916.csv,55,0,6,6
002917.csv,70,65,6,2
002918.csv,70,65,6,4
002919.csv,70,65,6,6
002920.csv,65,0,5,2
002921.csv,65,0,5,4
002922.csv,65,0,5,6
002923.csv,105,5,10,2
002924.csv,105,5,10,4
002925.csv,105,5,10,6
002926.csv,100,0,7,2
002927.csv,100,0,7,4
002928.csv,100,0,7,6
002929.csv,105,55,7,2
002930.csv,105,55,7,4
002931.csv,105,55,7,6
002932.csv,80,40,10,2
002933.csv,80,40,10,4
002934.csv,80,40,10,6
002935.csv,65,10,8,2
002936.csv,65,10,8,4
002937.csv,65,10,8,6
002938.csv,90,10,9,2
002939.csv,90,10,9,4
002940.csv,90,10,9,6
002941.csv,80,95,6,2
002942.csv,80,95,6,4
002943.csv,80,95,6,6
002944.csv,55,45,8,2
002945.csv,55,45,8,4
002946.csv,55,45,8,6
002947.csv,65,70,10,2
002948.csv,65,70,10,4
002949.csv,65,70,10,6
002950.csv,75,90,8,2
002951.csv,75,90,8,4
002952.csv,75,90,8,6
002953.csv,65,15,7,2
002954.csv,65,15,7,4
002955.csv,65,15,7,6
002956.csv,60,70,6,2
002957.csv,60,70,6,4
002958.csv,60,70,6,6
002959.csv,100,20,10,2
002960.csv,100,20,10,4
002961.csv,100,20,10,6
002962.csv,50,75,6,2
002963.csv,50,75,6,4
002964.csv,50,75,6,6
002965.csv,80,65,7,2
002966.csv,80,65,7,4
002967.csv,80,65,7,6
002968.csv,100,105,10,2
002969.csv,100,105,10,4
002970.csv,100,105,10,6
002971.csv,55,50,6,2
002972.csv,55,50,6,4
002973.csv,55,50,6,6
002974.csv,85,10,5,2
002975.csv,85,10,5,4
002976.csv,85,10,5,6
002977.csv,85,20,10,2
002978.csv,85,20,10,4
002979.csv,85,20,10,6
002980.csv,50,105,5,2
002981.csv,50,105,5,4
002982.csv,50,105,5,6
002983.csv,80,5,10,2
002984.csv,80,5,10,4
002985.csv,80,5,10,6
002986.csv,80,50,8,2
002987.csv,80,50,8,4
002988.csv,80,50,8,6
002989.csv,90,10,8,2
002990.csv,90,10,8,4
002991.csv,90,10,8,6
002992.csv,95,45,7,2
002993.csv,95,45,7,4
002994.csv,95,45,7,6
002995.csv,100,40,5,2
002996.csv,100,40,5,4
002997.csv,100,40,5,6
002998.csv,55,15,10,2
002999.csv,55,15,10,4
003000.csv,55,15,10,6
003001.csv,55,40,6,2
003002.csv,55,40,6,4
003003.csv,55,40,6,6
003004.csv,50,85,7,2
003005.csv,50,85,7,4
003006.csv,50,85,7,6
003007.csv,90,90,5,2
003008.csv,90,90,5,4
003009.csv,90,90,5,6
003010.csv,50,15,9,2
003011.csv,50,15,9,4
003012.csv,50,15,9,6
003013.csv,85,45,9,2
003014.csv,85,45,9,4
003015.csv,85,45,9,6
003016.csv,90,65,6,2
003017.csv,90,65,6,4
003018.csv,90,65,6,6
003019.csv,75,80,6,2
003020.csv,75,80,6,4
003021.csv,75,80,6,6
003022.csv,45,0,9,2
003023.csv,45,0,9,4
003024.csv,45,0,9,6
003025.csv,80,100,9,2
003026.csv,80,100,9,4
003027.csv,80,100,9,6
003028.csv,65,75,10,2
003029.csv,65,75,10,4
003030.csv,65,75,10,6
003031.csv,60,5,9,2
003032.csv,60,5,9,4
003033.csv,60,5,9,6
003034.csv,100,15,9,2
003035.csv,100,15,9,4
003036.csv,100,15,9,6
003037.csv,80,60,5,2
003038.csv,80,60,5,4
003039.csv,80,60,5,6
003040.csv,95,10,6,2
003041.csv,95,10,6,4
003042.csv,95,10,6,6
003043.csv,50,105,7,2
003044.csv,50,105,7,4
003045.csv,50,105,7,6
003046.csv,45,30,9,2
003047.csv,45,30,9,4
003048.csv,45,30,9,6
003049.csv,105,90,8,2
003050.csv,105,90,8,4
003051.csv,105,90,8,6
003052.csv,70,35,8,2
003053.csv,70,35,8,4
003054.csv,70,35,8,6
003055.csv,40,40,6,2
003056.csv,40,40,6,4
003057.csv,40,40,6,6
003058.csv,85,80,5,2
003059.csv,85,80,5,4
003060.csv,85,80,5,6
003061.csv,100,105,9,2
003062.csv,100,105,9,4
003063.csv,100,105,9,6
003064.csv,75,55,10,2
003065.csv,75,55,10,4
003066.csv,75,55,10,6
003067.csv,105,40,8,2
003068.csv,105,40,8,4
003069.csv,105,40,8,6
003070.csv,95,80,7,2
003071.csv,95,80,7,4
003072.csv,95,80,7,6
003073.csv,50,0,7,2
003074.csv,50,0,7,4
003075.csv,50,0,7,6
003076.csv,90,15,6,2
003077.csv,90,15,6,4
003078.csv,90,15,6,6
003079.csv,95,65,5,2
003080.csv,95,65,5,4
003081.csv,95,65,5,6
003082.csv,50,10,7,2
003083.csv,50,10,7,4
003084.csv,50,10,7,6
003085.csv,80,35,9,2
003086.csv,80,35,9,4
003087.csv,80,35,9,6
003088.csv,90,50,5,2
003089.csv,90,50,5,4
003090.csv,90,50,5,6
003091.csv,100,105,7,2
003092.csv,100,105,7,4
003093.csv,100,105,7,6
003094.csv,105,10,9,2
003095.csv,105,10,9,4
003096.csv,105,10,9,6
003097.csv,40,10,9,2
003098.csv,40,10,9,4
003099.csv,40,10,9,6
003100.csv,55,30,6,2
003101.csv,55,30,6,4
003102.csv,55,30,6,6
003103.csv,95,30,7,2
003104.csv,95,30,7,4
003105.csv,95,30,7,6
003106.csv,75,85,7,2
003107.csv,75,85,7,4
003108.csv,75,85,7,6
003109.csv,60,65,5,2
003110.csv,60,65,5,4
003111.csv,60,65,5,6
003112.csv,100,95,9,2
003113.csv,100,95,9,4
003114.csv,100,95,9,6
003115.csv,90,15,8,2
003116.csv,90,15,8,4
003117.csv,90,15,8,6
003118.csv,40,105,9,2
003119.csv,40,105,9,4
003120.csv,40,105,9,6
003121.csv,95,95,7,2
003122.csv,95,95,7,4
003123.csv,95,95,7,6
003124.csv,95,50,10,2
003125.csv,95,50,10,4
003126.csv,95,50,10,6
003127.csv,95,80,6,2
003128.csv,95,80,6,4
003129.csv,95,80,6,6
003130.csv,40,70,10,2
003131.csv,40,70,10,4
003132.csv,40,70,10,6
003133.csv,65,85,9,2
003134.csv,65,85,9,4
003135.csv,65,85,9,6
003136.csv,80,30,7,2
003137.csv,80,30,7,4
003138.csv,80,30,7,6
003139.csv,85,85,6,2
003140.csv,85,85,6,4
003141.csv,85,85,6,6
003142.csv,40,50,7,2
003143.csv,40,50,7,4
003144.csv,40,50,7,6
003145.csv,80,55,6,2
003146.csv,80,55,6,4
003147.csv,80,55,6,6
003148.csv,75,20,5,2
003149.csv,75,20,5,4
003150.csv,75,20,5,6
003151.csv,75,100,7,2
003152.csv,75,100,7,4
003153.csv,75,100,7,6
003154.csv,105,45,9,2
003155.csv,105,45,9,4
003156.csv,105,45,9,6
003157.csv,75,20,9,2
003158.csv,75,20,9,4
003159.csv,75,20,9,6
003160.csv,50,70,6,2
003161.csv,50,70,6,4
003162.csv,50,70,6,6
003163.csv,90,40,5,2
003164.csv,90,40,5,4
003165.csv,90,40,5,6
003166.csv,105,50,7,2
003167.csv,105,50,7,4
003168.csv,105,50,7,6
003169.csv,60,105,6,2
003170.csv,60,105,6,4
003171.csv,60,105,6,6
003172.csv,65,80,7,2
003173.csv,65,80,7,4
003174.csv,65,80,7,6
003175.csv,55,65,5,2
003176.csv,55,65,5,4
003177.csv,55,65,5,6
003178.csv,80,40,6,2
003179.csv,80,40,6,4
003180.csv,80,40,6,6
003181.csv,85,0,10,2
003182.csv,85,0,10,4
003183.csv,85,0,10,6
003184.csv,60,55,10,2
003185.csv,60,55,10,4
003186.csv,60,55,10,6
003187.csv,85,50,7,2
003188.csv,85,50,7,4
003189.csv,85,50,7,6
003190.csv,45,65,9,2
003191.csv,45,65,9,4
003192.csv,45,65,9,6
003193.csv,95,15,8,2
003194.csv,95,15,8,4
003195.csv,95,15,8,6
003196.csv,105,95,9,2
003197.csv,105,95,9,4
003198.csv,105,95,9,6
003199.csv,90,35,9,2
003200.csv,90,35,9,4
003201.csv,90,35,9,6
003202.csv,50,50,9,2
003203.csv,50,50,9,4
003204.csv,50,50,9,6
003205.csv,60,60,8,2
003206.csv,60,60,8,4
003207.csv,60,60,8,6
003208.csv,60,85,6,2
003209.csv,60,85,6,4
003210.csv,60,85,6,6
003211.csv,100,100,6,2
003212.csv,100,100,6,4
003213.csv,100,100,6,6
003214.csv,50,55,9,2
003215.csv,50,55,9,4
003216.csv,50,55,9,6
003217.csv,65,85,5,2
003218.csv,65,85,5,4
003219.csv,65,85,5,6
003220.csv,60,40,9,2
003221.csv,60,40,9,4
003222.csv,60,40,9,6
003223.csv,70,70,9,2
003224.csv,70,70,9,4
003225.csv,70,70,9,6
003226.csv,100,65,9,2
003227.csv,100,65,9,4
003228.csv,100,65,9,6
003229.csv,60,35,6,2
003230.csv,60,35,6,4
003231.csv,60,35,6,6
003232.csv,70,90,5,2
003233.csv,70,90,5,4
003234.csv,70,90,5,6
003235.csv,45,80,6,2
003236.csv,45,80,6,4
003237.csv,45,80,6,6
003238.csv,95,85,9,2
003239.csv,95,85,9,4
003240.csv,95,85,9,6
003241.csv,55,100,6,2
003242.csv,55,100,6,4
003243.csv,55,100,6,6
003244.csv,50,90,5,2
003245.csv,50,90,5,4
003246.csv,50,90,5,6
003247.csv,95,80,8,2
003248.csv,95,80,8,4
003249.csv,95,80,8,6
003250.csv,85,50,5,2
003251.csv,85,50,5,4
003252.csv,85,50,5,6
003253.csv,80,60,6,2
003254.csv,80,60,6,4
003255.csv,80,60,6,6
003256.csv,50,0,6,2
003257.csv,50,0,6,4
003258.csv,50,0,6,6
003259.csv,60,35,5,2
003260.csv,60,35,5,4
003261.csv,60,35,5,6
003262.csv,70,25,8,2
003263.csv,70,25,8,4
003264.csv,70,25,8,6
003265.csv,45,65,8,2
003266.csv,45,65,8,4
003267.csv,45,65,8,6
003268.csv,70,55,5,2
003269.csv,70,55,5,4
003270.csv,70,55,5,6
003271.csv,65,105,9,2
003272.csv,65,105,9,4
003273.csv,65,105,9,6
003274.csv,55,30,10,2
003275.csv,55,30,10,4
003276.csv,55,30,10,6
003277.csv,80,105,8,2
003278.csv,80,105,8,4
003279.csv,80,105,8,6
003280.csv,90,80,5,2
003281.csv,90,80,5,4
003282.csv,90,80,5,6
003283.csv,90,10,5,2
003284.csv,90,10,5,4
003285.csv,90,10,5,6
003286.csv,100,95,10,2
003287.csv,100,95,10,4
003288.csv,100,95,10,6
003289.csv,45,75,6,2
003290.csv,45,75,6,4
003291.csv,45,75,6,6
003292.csv,65,50,5,2
003293.csv,65,50,5,4
003294.csv,65,50,5,6
003295.csv,100,80,6,2
003296.csv,100,80,6,4
003297.csv,100,80,6,6
003298.csv,105,100,10,2
003299.csv,105,100,10,4
003300.csv,105,100,10,6
003301.csv,45,10,6,2
003302.csv,45,10,6,4
003303.csv,45,10,6,6
003304.csv,75,40,8,2
003305.csv,75,40,8,4
003306.csv,75,40,8,6
003307.csv,55,80,10,2
003308.csv,55,80,10,4
003309.csv,55,80,10,6
003310.csv,80,85,5,2
003311.csv,80,85,5,4
003312.csv,80,85,5,6
003313.csv,90,75,5,2
003314.csv,90,75,5,4
003315.csv,90,75,5,6
003316.csv,80,25,5,2
003317.csv,80,25,5,4
003318.csv,80,25,5,6
003319.csv,95,95,9,2
003320.csv,95,95,9,4
003321.csv,95,95,9,6
003322.csv,55,75,6,2
003323.csv,55,75,6,4
003324.csv,55,75,6,6
003325.csv,50,0,8,2
003326.csv,50,0,8,4
003327.csv,50,0,8,6
003328.csv,40,40,9,2
003329.csv,40,40,9,4
003330.csv,40,40,9,6
003331.csv,50,45,7,2
003332.csv,50,45,7,4
003333.csv,50,45,7,6
003334.csv,55,35,9,2
003335.csv,55,35,9,4
003336.csv,55,35,9,6
003337.csv,80,0,10,2
003338.csv,80,0,10,4
003339.csv,80,0,10,6
003340.csv,45,5,6,2
003341.csv,45,5,6,4
003342.csv,45,5,6,6
003343.csv,105,100,6,2
003344.csv,105,100,6,4
003345.csv,105,100,6,6
003346.csv,60,90,8,2
003347.csv,60,90,8,4
003348.csv,60,90,8,6
003349.csv,100,10,5,2
003350.csv,100,10,5,4
003351.csv,100,10,5,6
003352.csv,70,30,8,2
003353.csv,70,30,8,4
003354.csv,70,30,8,6
003355.csv,95,55,10,2
003356.csv,95,55,10,4
003357.csv,95,55,10,6
003358.csv,90,85,6,2
003359.csv,90,85,6,4
003360.csv,90,85,6,6
003361.csv,90,20,8,2
003362.csv,90,20,8,4
003363.csv,90,20,8,6
003364.csv,60,85,5,2
003365.csv,60,85,5,4
003366.csv,60,85,5,6
003367.csv,60,105,9,2
003368.csv,60,105,9,4
003369.csv,60,105,9,6
003370.csv,95,10,10,2
003371.csv,95,10,10,4
003372.csv,95,10,10,6
003373.csv,40,70,7,2
003374.csv,40,70,7,4
003375.csv,40,70,7,6
003376.csv,55,5,7,2
003377.csv,55,5,7,4
003378.csv,55,5,7,6
003379.csv,40,100,5,2
003380.csv,40,100,5,4
003381.csv,40,100,5,6
003382.csv,95,60,7,2
003383.csv,95,60,7,4
003384.csv,95,60,7,6
003385.csv,95,0,5,2
003386.csv,95,0,5,4
003387.csv,95,0,5,6
003388.csv,50,30,5,2
003389.csv,50,30,5,4
003390.csv,50,30,5,6
003391.csv,105,65,7,2
003392.csv,105,65,7,4
003393.csv,105,65,7,6
003394.csv,70,5,6,2
003395.csv,70,5,6,4
003396.csv,70,5,6,6
003397.csv,60,15,7,2
003398.csv,60,15,7,4
003399.csv,60,15,7,6
003400.csv,70,25,10,2
003401.csv,70,25,10,4
003402.csv,70,25,10,6
003403.csv,60,10,9,2
003404.csv,60,10,9,4
003405.csv,60,10,9,6
003406.csv,85,40,7,2
003407.csv,85,40,7,4
003408.csv,85,40,7,6
003409.csv,105,75,5,2
003410.csv,105,75,5,4
003411.csv,105,75,5,6
003412.csv,75,90,5,2
003413.csv,75,90,5,4
003414.csv,75,90,5,6
003415.csv,100,100,5,2
003416.csv,100,100,5,4
003417.csv,100,100,5,6
003418.csv,105,90,7,2
003419.csv,105,90,7,4
003420.csv,105,90,7,6
003421.csv,75,60,10,2
003422.csv,75,60,10,4
003423.csv,75,60,10,6
003424.csv,45,70,6,2
003425.csv,45,70,6,4
003426.csv,45,70,6,6
003427.csv,105,100,5,2
003428.csv,105,100,5,4
003429.csv,105,100,5,6
003430.csv,100,25,10,2
003431.csv,100,25,10,4
003432.csv,100,25,10,6
003433.csv,105,100,7,2
003434.csv,105,100,7,4
003435.csv,105,100,7,6
003436.csv,60,20,10,2
003437.csv,60,20,10,4
003438.csv,60,20,10,6
003439.csv,75,65,5,2
003440.csv,75,65,5,4
003441.csv,75,65,5,6
003442.csv,65,15,6,2
003443.csv,65,15,6,4
003444.csv,65,15,6,6
003445.csv,90,25,5,2
003446.csv,90,25,5,4
003447.csv,90,25,5,6
003448.csv,40,60,5,2
003449.csv,40,60,5,4
003450.csv,40,60,5,6
003451.csv,75,15,9,2
003452.csv,75,15,9,4
003453.csv,75,15,9,6
003454.csv,75,70,8,2
003455.csv,75,70,8,4
003456.csv,75,70,8,6
003457.csv,60,10,5,2
003458.csv,60,10,5,4
003459.csv,60,10,5,6
003460.csv,75,100,9,2
003461.csv,75,100,9,4
003462.csv,75,100,9,6
003463.csv,105,15,9,2
003464.csv,105,15,9,4
003465.csv,105,15,9,6
003466.csv,90,105,7,2
003467.csv,90,105,7,4
003468.csv,90,105,7,6
003469.csv,45,55,10,2
003470.csv,45,55,10,4
003471.csv,45,55,10,6
003472.csv,45,50,10,2
003473.csv,45,50,10,4
003474.csv,45,50,10,6
003475.csv,105,90,5,2
003476.csv,105,90,5,4
003477.csv,105,90,5,6
003478.csv,65,55,10,2
003479.csv,65,55,10,4
003480.csv,65,55,10,6
003481.csv,95,25,10,2
003482.csv,95,25,10,4
003483.csv,95,25,10,6
003484.csv,90,75,10,2
003485.csv,90,75,10,4
003486.csv,90,75,10,6
003487.csv,80,30,6,2
003488.csv,80,30,6,4
003489.csv,80,30,6,6
003490.csv,55,40,5,2
003491.csv,55,40,5,4
003492.csv,55,40,5,6
003493.csv,85,45,6,2
003494.csv,85,45,6,4
003495.csv,85,45,6,6
003496.csv,75,85,8,2
003497.csv,75,85,8,4
003498.csv,75,85,8,6
003499.csv,95,55,6,2
003500.csv,95,55,6,4
003501.csv,95,55,6,6
003502.csv,80,15,5,2
003503.csv,80,15,5,4
003504.csv,80,15,5,6
003505.csv,60,105,5,2
003506.csv,60,105,5,4
003507.csv,60,105,5,6
003508.csv,65,30,5,2
003509.csv,65,30,5,4
003510.csv,65,30,5,6
003511.csv,105,35,5,2
003512.csv,105,35,5,4
003513.csv,105,35,5,6
003514.csv,80,0,8,2
003515.csv,80,0,8,4
003516.csv,80,0,8,6
003517.csv,70,80,8,2
003518.csv,70,80,8,4
003519.csv,70,80,8,6
003520.csv,45,25,7,2
003521.csv,45,25,7,4
003522.csv,45,25,7,6
003523.csv,75,10,7,2
003524.csv,75,10,7,4
003525.csv,75,10,7,6
003526.csv,80,70,10,2
003527.csv,80,70,10,4
003528.csv,80,70,10,6
003529.csv,50,70,9,2
003530.csv,50,70,9,4
003531.csv,50,70,9,6
003532.csv,40,30,7,2
003533.csv,40,30,7,4
003534.csv,40,30,7,6
003535.csv,100,30,9,2
003536.csv,100,30,9,4
003537.csv,100,30,9,6
003538.csv,60,65,6,2
003539.csv,60,65,6,4
003540.csv,60,65,6,6
003541.csv,40,100,7,2
003542.csv,40,100,7,4
003543.csv,40,100,7,6
003544.csv,100,60,10,2
003545.csv,100,60,10,4
003546.csv,100,60,10,6
003547.csv,105,10,5,2
003548.csv,105,10,5,4
003549.csv,105,10,5,6
003550.csv,60,45,10,2
003551.csv,60,45,10,4
003552.csv,60,45,10,6
003553.csv,95,75,8,2
003554.csv,95,75,8,4
003555.csv,95,75,8,6
003556.csv,45,35,6,2
003557.csv,45,35,6,4
003558.csv,45,35,6,6
003559.csv,95,15,9,2
003560.csv,95,15,9,4
003561.csv,95,15,9,6
003562.csv,85,65,10,2
003563.csv,85,65,10,4
003564.csv,85,65,10,6
003565.csv,60,0,8,2
003566.csv,60,0,8,4
003567.csv,60,0,8,6
003568.csv,50,10,5,2
003569.csv,50,10,5,4
003570.csv,50,10,5,6
003571.csv,65,105,7,2
003572.csv,65,105,7,4
003573.csv,65,105,7,6
003574.csv,60,60,9,2
003575.csv,60,60,9,4
003576.csv,60,60,9,6
003577.csv,70,25,7,2
003578.csv,70,25,7,4
003579.csv,70,25,7,6
003580.csv,75,0,6,2
003581.csv,75,0,6,4
003582.csv,75,0,6,6
003583.csv,60,25,10,2
003584.csv,60,25,10,4
003585.csv,60,25,10,6
003586.csv,100,55,8,2
003587.csv,100,55,8,4
003588.csv,100,55,8,6
003589.csv,95,105,9,2
003590.csv,95,105,9,4
003591.csv,95,105,9,6
003592.csv,65,30,6,2
003593.csv,65,30,6,4
003594.csv,65,30,6,6
003595.csv,40,85,6,2
003596.csv,40,85,6,4
003597.csv,40,85,6,6
003598.csv,50,20,7,2
003599.csv,50,20,7,4
003600.csv,50,20,7,6
003601.csv,45,100,6,2
003602.csv,45,100,6,4
003603.csv,45,100,6,6
003604.csv,70,35,6,2
003605.csv,70,35,6,4
003606.csv,70,35,6,6
003607.csv,40,70,9,2
003608.csv,40,70,9,4
003609.csv,40,70,9,6
003610.csv,65,35,8,2
003611.csv,65,35,8,4
003612.csv,65,35,8,6
003613.csv,55,65,9,2
003614.csv,55,65,9,4
003615.csv,55,65,9,6
003616.csv,90,25,8,2
003617.csv,90,25,8,4
003618.csv,90,25,8,6
003619.csv,80,45,10,2
003620.csv,80,45,10,4
003621.csv,80,45,10,6
003622.csv,70,30,7,2
003623.csv,70,30,7,4
003624.csv,70,30,7,6
003625.csv,70,30,5,2
003626.csv,70,30,5,4
003627.csv,70,30,5,6
003628.csv,70,55,6,2
003629.csv,70,55,6,4
003630.csv,70,55,6,6
003631.csv,100,30,8,2
003632.csv,100,30,8,4
003633.csv,100,30,8,6
003634.csv,55,85,7,2
003635.csv,55,85,7,4
003636.csv,55,85,7,6
003637.csv,90,65,8,2
003638.csv,90,65,8,4
003639.csv,90,65,8,6
003640.csv,45,30,10,2
003641.csv,45,30,10,4
003642.csv,45,30,10,6
003643.csv,85,80,7,2
003644.csv,85,80,7,4
003645.csv,85,80,7,6
003646.csv,80,10,8,2
003647.csv,80,10,8,4
003648.csv,80,10,8,6
003649.csv,45,20,8,2
003650.csv,45,20,8,4
003651.csv,45,20,8,6
003652.csv,60,35,8,2
003653.csv,60,35,8,4
003654.csv,60,35,8,6
003655.csv,45,25,10,2
003656.csv,45,25,10,4
003657.csv,45,25,10,6
003658.csv,60,0,6,2
003659.csv,60,0,6,4
003660.csv,60,0,6,6
003661.csv,90,35,10,2
003662.csv,90,35,10,4
003663.csv,90,35,10,6
003664.csv,85,80,9,2
003665.csv,85,80,9,4
003666.csv,85,80,9,6
003667.csv,95,55,8,2
003668.csv,95,55,8,4
003669.csv,95,55,8,6
003670.csv,80,20,9,2
003671.csv,80,20,9,4
003672.csv,80,20,9,6
003673.csv,45,35,10,2
003674.csv,45,35,10,4
003675.csv,45,35,10,6
003676.csv,40,105,5,2
003677.csv,40,105,5,4
003678.csv,40,105,5,6
003679.csv,70,90,7,2
003680.csv,70,90,7,4
003681.csv,70,90,7,6
003682.csv,55,90,6,2
003683.csv,55,90,6,4
003684.csv,55,90,6,6
003685.csv,95,40,5,2
003686.csv,95,40,5,4
003687.csv,95,40,5,6
003688.csv,70,10,10,2
003689.csv,70,10,10,4
003690.csv,70,10,10,6
003691.csv,70,15,8,2
003692.csv,70,15,8,4
003693.csv,70,15,8,6
003694.csv,50,55,7,2
003695.csv,50,55,7,4
003696.csv,50,55,7,6
003697.csv,100,75,10,2
003698.csv,100,75,10,4
003699.csv,100,75,10,6
003700.csv,75,0,9,2
003701.csv,75,0,9,4
003702.csv,75,0,9,6
003703.csv,45,55,9,2
003704.csv,45,55,9,4
003705.csv,45,55,9,6
003706.csv,85,55,8,2
003707.csv,85,55,8,4
003708.csv,85,55,8,6
003709.csv,95,55,7,2
003710.csv,95,55,7,4
003711.csv,95,55,7,6
003712.csv,105,50,6,2
003713.csv,105,50,6,4
003714.csv,105,50,6,6
003715.csv,45,85,9,2
003716.csv,45,85,9,4
003717.csv,45,85,9,6
003718.csv,50,20,10,2
003719.csv,50,20,10,4
003720.csv,50,20,10,6
003721.csv,40,55,7,2
003722.csv,40,55,7,4
003723.csv,40,55,7,6
003724.csv,105,0,7,2
003725.csv,105,0,7,4
003726.csv,105,0,7,6
003727.csv,90,100,7,2
003728.csv,90,100,7,4
003729.csv,90,100,7,6
003730.csv,100,35,8,2
003731.csv,100,35,8,4
003732.csv,100,35,8,6
003733.csv,55,90,7,2
003734.csv,55,90,7,4
003735.csv,55,90,7,6
003736.csv,65,45,9,2
003737.csv,65,45,9,4
003738.csv,65,45,9,6
003739.csv,60,25,7,2
003740.csv,60,25,7,4
003741.csv,60,25,7,6
003742.csv,100,35,10,2
003743.csv,100,35,10,4
003744.csv,100,35,10,6
003745.csv,40,65,6,2
003746.csv,40,65,6,4
003747.csv,40,65,6,6
003748.csv,95,10,9,2
003749.csv,95,10,9,4
003750.csv,95,10,9,6
003751.csv,60,90,10,2
003752.csv,60,90,10,4
003753.csv,60,90,10,6
003754.csv,95,65,8,2
003755.csv,95,65,8,4
003756.csv,95,65,8,6
003757.csv,95,0,10,2
003758.csv,95,0,10,4
003759.csv,95,0,10,6
003760.csv,40,40,7,2
003761.csv,40,40,7,4
003762.csv,40,40,7,6
003763.csv,50,50,10,2
003764.csv,50,50,10,4
003765.csv,50,50,10,6
003766.csv,65,75,5,2
003767.csv,65,75,5,4
003768.csv,65,75,5,6
003769.csv,55,105,8,2
003770.csv,55,105,8,4
003771.csv,55,105,8,6
003772.csv,75,60,8,2
003773.csv,75,60,8,4
003774.csv,75,60,8,6
003775.csv,90,60,7,2
003776.csv,90,60,7,4
003777.csv,90,60,7,6
003778.csv,75,50,7,2
003779.csv,75,50,7,4
003780.csv,75,50,7,6
003781.csv,105,55,6,2
003782.csv,105,55,6,4
003783.csv,105,55,6,6
003784.csv,100,100,10,2
003785.csv,100,100,10,4
003786.csv,100,100,10,6
003787.csv,100,70,8,2
003788.csv,100,70,8,4
003789.csv,100,70,8,6
003790.csv,105,55,9,2
003791.csv,105,55,9,4
003792.csv,105,55,9,6
003793.csv,60,95,6,2
003794.csv,60,95,6,4
003795.csv,60,95,6,6
003796.csv,60,60,5,2
003797.csv,60,60,5,4
003798.csv,60,60,5,6
003799.csv,50,45,10,2
003800.csv,50,45,10,4
003801.csv,50,45,10,6
003802.csv,65,75,7,2
003803.csv,65,75,7,4
003804.csv,65,75,7,6
003805.csv,45,20,6,2
003806.csv,45,20,6,4
003807.csv,45,20,6,6
003808.csv,100,75,9,2
003809.csv,100,75,9,4
003810.csv,100,75,9,6
003811.csv,105,80,9,2
003812.csv,105,80,9,4
003813.csv,105,80,9,6
003814.csv,85,100,7,2
003815.csv,85,100,7,4
003816.csv,85,100,7,6
003817.csv,85,95,7,2
003818.csv,85,95,7,4
003819.csv,85,95,7,6
003820.csv,40,60,9,2
003821.csv,40,60,9,4
003822.csv,40,60,9,6
003823.csv,75,50,10,2
003824.csv,75,50,10,4
003825.csv,75,50,10,6
003826.csv,40,75,8,2
003827.csv,40,75,8,4
003828.csv,40,75,8,6
003829.csv,55,45,10,2
003830.csv,55,45,10,4
003831.csv,55,45,10,6
003832.csv,80,95,10,2
003833.csv,80,95,10,4
003834.csv,80,95,10,6
003835.csv,45,75,9,2
003836.csv,45,75,9,4
003837.csv,45,75,9,6
003838.csv,60,80,9,2
003839.csv,60,80,9,4
003840.csv,60,80,9,6
003841.csv,80,105,10,2
003842.csv,80,105,10,4
003843.csv,80,105,10,6
003844.csv,45,10,7,2
003845.csv,45,10,7,4
003846.csv,45,10,7,6
003847.csv,60,80,5,2
003848.csv,60,80,5,4
003849.csv,60,80,5,6
003850.csv,85,5,7,2
003851.csv,85,5,7,4
003852.csv,85,5,7,6
003853.csv,55,40,8,2
003854.csv,55,40,8,4
003855.csv,55,40,8,6
003856.csv,70,95,8,2
003857.csv,70,95,8,4
003858.csv,70,95,8,6
003859.csv,85,15,10,2
003860.csv,85,15,10,4
003861.csv,85,15,10,6
003862.csv,70,100,6,2
003863.csv,70,100,6,4
003864.csv,70,100,6,6
003865.csv,65,60,8,2
003866.csv,65,60,8,4
003867.csv,65,60,8,6
003868.csv,40,50,9,2
003869.csv,40,50,9,4
003870.csv,40,50,9,6
003871.csv,100,65,6,2
003872.csv,100,65,6,4
003873.csv,100,65,6,6
003874.csv,55,15,9,2
003875.csv,55,15,9,4
003876.csv,55,15,9,6
003877.csv,55,95,9,2
003878.csv,55,95,9,4
003879.csv,55,95,9,6
003880.csv,105,95,8,2
003881.csv,105,95,8,4
003882.csv,105,95,8,6
003883.csv,80,65,6,2
003884.csv,80,65,6,4
003885.csv,80,65,6,6
003886.csv,55,100,7,2
003887.csv,55,100,7,4
003888.csv,55,100,7,6
003889.csv,55,5,6,2
003890.csv,55,5,6,4
003891.csv,55,5,6,6
003892.csv,50,35,8,2
003893.csv,50,35,8,4
003894.csv,50,35,8,6
003895.csv,100,105,8,2
003896.csv,100,105,8,4
003897.csv,100,105,8,6
003898.csv,80,90,10,2
003899.csv,80,90,10,4
003900.csv,80,90,10,6
003901.csv,60,40,6,2
003902.csv,60,40,6,4
003903.csv,60,40,6,6
003904.csv,65,5,6,2
003905.csv,65,5,6,4
003906.csv,65,5,6,6
003907.csv,100,50,9,2
003908.csv,100,50,9,4
003909.csv,100,50,9,6
003910.csv,90,60,8,2
003911.csv,90,60,8,4
003912.csv,90,60,8,6
003913.csv,75,95,5,2
003914.csv,75,95,5,4
003915.csv,75,95,5,6
003916.csv,55,40,7,2
003917.csv,55,40,7,4
003918.csv,55,40,7,6
003919.csv,85,65,7,2
003920.csv,85,65,7,4
003921.csv,85,65,7,6
003922.csv,65,50,6,2
003923.csv,65,50,6,4
003924.csv,65,50,6,6
003925.csv,70,30,9,2
003926.csv,70,30,9,4
003927.csv,70,30,9,6
003928.csv,85,85,8,2
003929.csv,85,85,8,4
003930.csv,85,85,8,6
003931.csv,50,65,10,2
003932.csv,50,65,10,4
003933.csv,50,65,10,6
003934.csv,60,70,7,2
003935.csv,60,70,7,4
003936.csv,60,70,7,6
003937.csv,100,90,5,2
003938.csv,100,90,5,4
003939.csv,100,90,5,6
003940.csv,70,105,9,2
003941.csv,70,105,9,4
003942.csv,70,105,9,6
003943.csv,80,100,8,2
003944.csv,80,100,8,4
003945.csv,80,100,8,6
003946.csv,75,85,9,2
003947.csv,75,85,9,4
003948.csv,75,85,9,6
003949.csv,40,95,7,2
003950.csv,40,95,7,4
003951.csv,40,95,7,6
003952.csv,65,60,7,2
003953.csv,65,60,7,4
003954.csv,65,60,7,6
003955.csv,80,75,6,2
003956.csv,80,75,6,4
003957.csv,80,75,6,6
003958.csv,75,100,8,2
003959.csv,75,100,8,4
003960.csv,75,100,8,6
003961.csv,80,65,8,2
003962.csv,80,65,8,4
003963.csv,80,65,8,6
003964.csv,55,45,7,2
003965.csv,55,45,7,4
003966.csv,55,45,7,6
003967.csv,40,0,5,2
003968.csv,40,0,5,4
003969.csv,40,0,5,6
003970.csv,95,35,8,2
003971.csv,95,35,8,4
003972.csv,95,35,8,6
003973.csv,40,10,8,2
003974.csv,40,10,8,4
003975.csv,40,10,8,6
003976.csv,85,45,8,2
003977.csv,85,45,8,4
003978.csv,85,45,8,6
003979.csv,90,25,9,2
003980.csv,90,25,9,4
003981.csv,90,25,9,6
003982.csv,40,75,9,2
003983.csv,40,75,9,4
003984.csv,40,75,9,6
003985.csv,90,45,9,2
003986.csv,90,45,9,4
003987.csv,90,45,9,6
003988.csv,40,95,6,2
003989.csv,40,95,6,4
003990.csv,40,95,6,6
003991.csv,60,70,5,2
003992.csv,60,70,5,4
003993.csv,60,70,5,6
003994.csv,85,75,5,2
003995.csv,85,75,5,4
003996.csv,85,75,5,6
003997.csv,90,75,8,2
003998.csv,90,75,8,4
003999.csv,90,75,8,6
004000.csv,90,80,7,2
004001.csv,90,80,7,4
004002.csv,90,80,7,6
004003.csv,95,20,5,2
004004.csv,95,20,5,4
004005.csv,95,20,5,6
004006.csv,100,70,10,2
004007.csv,100,70,10,4
004008.csv,100,70,10,6
004009.csv,95,100,9,2
004010.csv,95,100,9,4
004011.csv,95,100,9,6
004012.csv,65,105,10,2
004013.csv,65,105,10,4
004014.csv,65,105,10,6
004015.csv,75,50,9,2
004016.csv,75,50,9,4
004017.csv,75,50,9,6
004018.csv,40,65,10,2
004019.csv,40,65,10,4
004020.csv,40,65,10,6
004021.csv,105,75,8,2
004022.csv,105,75,8,4
004023.csv,105,75,8,6
004024.csv,50,65,6,2
004025.csv,50,65,6,4
004026.csv,50,65,6,6
004027.csv,95,30,5,2
004028.csv,95,30,5,4
004029.csv,95,30,5,6
004030.csv,65,50,7,2
004031.csv,65,50,7,4
004032.csv,65,50,7,6
004033.csv,45,20,5,2
004034.csv,45,20,5,4
004035.csv,45,20,5,6
004036.csv,90,0,7,2
004037.csv,90,0,7,4
004038.csv,90,0,7,6
004039.csv,90,70,10,2
004040.csv,90,70,10,4
004041.csv,90,70,10,6
004042.csv,70,20,10,2
004043.csv,70,20,10,4
004044.csv,70,20,10,6
004045.csv,50,100,7,2
004046.csv,50,100,7,4
004047.csv,50,100,7,6
004048.csv,80,65,9,2
004049.csv,80,65,9,4
004050.csv,80,65,9,6
004051.csv,65,85,10,2
004052.csv,65,85,10,4
004053.csv,65,85,10,6
004054.csv,40,15,5,2
004055.csv,40,15,5,4
004056.csv,40,15,5,6
004057.csv,70,10,5,2
004058.csv,70,10,5,4
004059.csv,70,10,5,6
004060.csv,90,5,7,2
004061.csv,90,5,7,4
004062.csv,90,5,7,6
004063.csv,50,15,6,2
004064.csv,50,15,6,4
004065.csv,50,15,6,6
004066.csv,105,30,5,2
004067.csv,105,30,5,4
004068.csv,105,30,5,6
004069.csv,55,80,7,2
004070.csv,55,80,7,4
004071.csv,55,80,7,6
004072.csv,65,70,8,2
004073.csv,65,70,8,4
004074.csv,65,70,8,6
004075.csv,45,85,10,2
004076.csv,45,85,10,4
004077.csv,45,85,10,6
004078.csv,70,55,10,2
004079.csv,70,55,10,4
004080.csv,70,55,10,6
004081.csv,50,85,6,2
004082.csv,50,85,6,4
004083.csv,50,85,6,6
004084.csv,60,15,10,2
004085.csv,60,15,10,4
004086.csv,60,15,10,6
004087.csv,105,25,9,2
004088.csv,105,25,9,4
004089.csv,105,25,9,6
004090.csv,40,85,9,2
004091.csv,40,85,9,4
004092.csv,40,85,9,6
004093.csv,90,30,5,2
004094.csv,90,30,5,4
004095.csv,90,30,5,6
004096.csv,55,0,9,2
004097.csv,55,0,9,4
004098.csv,55,0,9,6
004099.csv,45,45,6,2
004100.csv,45,45,6,4
004101.csv,45,45,6,6
004102.csv,50,40,10,2
004103.csv,50,40,10,4
004104.csv,50,40,10,6
004105.csv,105,45,6,2
004106.csv,105,45,6,4
004107.csv,105,45,6,6
004108.csv,95,90,10,2
004109.csv,95,90,10,4
004110.csv,95,90,10,6
004111.csv,70,70,6,2
004112.csv,70,70,6,4
004113.csv,70,70,6,6
004114.csv,50,95,5,2
004115.csv,50,95,5,4
004116.csv,50,95,5,6
004117.csv,55,0,8,2
004118.csv,55,0,8,4
004119.csv,55,0,8,6
004120.csv,90,85,5,2
004121.csv,90,85,5,4
004122.csv,90,85,5,6
004123.csv,45,60,7,2
004124.csv,45,60,7,4
004125.csv,45,60,7,6
004126.csv,65,10,5,2
004127.csv,65,10,5,4
004128.csv,65,10,5,6
004129.csv,100,55,10,2
004130.csv,100,55,10,4
004131.csv,100,55,10,6
004132.csv,90,60,9,2
004133.csv,90,60,9,4
004134.csv,90,60,9,6
004135.csv,65,95,10,2
004136.csv,65,95,10,4
004137.csv,65,95,10,6
004138.csv,100,25,6,2
004139.csv,100,25,6,4
004140.csv,100,25,6,6
004141.csv,65,80,5,2
004142.csv,65,80,5,4
004143.csv,65,80,5,6
004144.csv,50,35,9,2
004145.csv,50,35,9,4
004146.csv,50,35,9,6
004147.csv,55,90,8,2
004148.csv,55,90,8,4
004149.csv,55,90,8,6
004150.csv,45,105,10,2
004151.csv,45,105,10,4
004152.csv,45,105,10,6
004153.csv,90,95,9,2
004154.csv,90,95,9,4
004155.csv,90,95,9,6
004156.csv,90,75,7,2
004157.csv,90,75,7,4
004158.csv,90,75,7,6
004159.csv,55,60,7,2
004160.csv,55,60,7,4
004161.csv,55,60,7,6
004162.csv,70,25,5,2
004163.csv,70,25,5,4
004164.csv,70,25,5,6
004165.csv,55,95,8,2
004166.csv,55,95,8,4
004167.csv,55,95,8,6
004168.csv,100,10,9,2
004169.csv,100,10,9,4
004170.csv,100,10,9,6
004171.csv,40,35,5,2
004172.csv,40,35,5,4
004173.csv,40,35,5,6
004174.csv,80,90,6,2
004175.csv,80,90,6,4
004176.csv,80,90,6,6
004177.csv,90,90,7,2
004178.csv,90,90,7,4
004179.csv,90,90,7,6
004180.csv,45,5,8,2
004181.csv,45,5,8,4
004182.csv,45,5,8,6
004183.csv,40,75,7,2
004184.csv,40,75,7,4
004185.csv,40,75,7,6
004186.csv,70,30,10,2
004187.csv,70,30,10,4
004188.csv,70,30,10,6
004189.csv,40,25,8,2
004190.csv,40,25,8,4
004191.csv,40,25,8,6
004192.csv,105,75,9,2
004193.csv,105,75,9,4
004194.csv,105,75,9,6
004195.csv,60,55,6,2
004196.csv,60,55,6,4
004197.csv,60,55,6,6
004198.csv,95,85,10,2
004199.csv,95,85,10,4
004200.csv,95,85,10,6
004201.csv,50,25,6,2
004202.csv,50,25,6,4
004203.csv,50,25,6,6
004204.csv,70,65,9,2
004205.csv,70,65,9,4
004206.csv,70,65,9,6
004207.csv,70,105,5,2
004208.csv,70,105,5,4
004209.csv,70,105,5,6
004210.csv,45,65,6,2
004211.csv,45,65,6,4
004212.csv,45,65,6,6
004213.csv,105,95,5,2
004214.csv,105,95,5,4
004215.csv,105,95,5,6
004216.csv,65,30,10,2
004217.csv,65,30,10,4
004218.csv,65,30,10,6
004219.csv,105,90,6,2
004220.csv,105,90,6,4
004221.csv,105,90,6,6
004222.csv,90,0,9,2
004223.csv,90,0,9,4
004224.csv,90,0,9,6
004225.csv,100,80,5,2
004226.csv,100,80,5,4
004227.csv,100,80,5,6
004228.csv,50,15,10,2
004229.csv,50,15,10,4
004230.csv,50,15,10,6
004231.csv,95,35,10,2
004232.csv,95,35,10,4
004233.csv,95,35,10,6
004234.csv,75,10,8,2
004235.csv,75,10,8,4
004236.csv,75,10,8,6
004237.csv,60,20,6,2
004238.csv,60,20,6,4
004239.csv,60,20,6,6
004240.csv,75,30,6,2
004241.csv,75,30,6,4
004242.csv,75,30,6,6
004243.csv,40,5,9,2
004244.csv,40,5,9,4
004245.csv,40,5,9,6
004246.csv,80,100,6,2
004247.csv,80,100,6,4
004248.csv,80,100,6,6
004249.csv,90,30,6,2
004250.csv,90,30,6,4
004251.csv,90,30,6,6
004252.csv,60,20,8,2
004253.csv,60,20,8,4
004254.csv,60,20,8,6
004255.csv,105,5,7,2
004256.csv,105,5,7,4
004257.csv,105,5,7,6
004258.csv,95,20,9,2
004259.csv,95,20,9,4
004260.csv,95,20,9,6
004261.csv,95,0,6,2
004262.csv,95,0,6,4
004263.csv,95,0,6,6
004264.csv,60,105,10,2
004265.csv,60,105,10,4
004266.csv,60,105,10,6
004267.csv,60,20,9,2
004268.csv,60,20,9,4
004269.csv,60,20,9,6
004270.csv,100,35,9,2
004271.csv,100,35,9,4
004272.csv,100,35,9,6
004273.csv,85,40,8,2
004274.csv,85,40,8,4
004275.csv,85,40,8,6
004276.csv,40,105,8,2
004277.csv,40,105,8,4
004278.csv,40,105,8,6
004279.csv,75,45,5,2
004280.csv,75,45,5,4
004281.csv,75,45,5,6
004282.csv,45,30,6,2
004283.csv,45,30,6,4
004284.csv,45,30,6,6
004285.csv,50,75,5,2
004286.csv,50,75,5,4
004287.csv,50,75,5,6
004288.csv,80,90,8,2
004289.csv,80,90,8,4
004290.csv,80,90,8,6
004291.csv,80,50,10,2
004292.csv,80,50,10,4
004293.csv,80,50,10,6
004294.csv,95,5,10,2
004295.csv,95,5,10,4
004296.csv,95,5,10,6
004297.csv,55,105,10,2
004298.csv,55,105,10,4
004299.csv,55,105,10,6
004300.csv,70,45,6,2
004301.csv,70,45,6,4
004302.csv,70,45,6,6
004303.csv,90,95,7,2
004304.csv,90,95,7,4
004305.csv,90,95,7,6
004306.csv,85,95,9,2
004307.csv,85,95,9,4
004308.csv,85,95,9,6
004309.csv,85,55,9,2
004310.csv,85,55,9,4
004311.csv,85,55,9,6
004312.csv,65,10,10,2
004313.csv,65,10,10,4
004314.csv,65,10,10,6
004315.csv,65,95,6,2
004316.csv,65,95,6,4
004317.csv,65,95,6,6
004318.csv,55,80,9,2
004319.csv,55,80,9,4
004320.csv,55,80,9,6
004321.csv,75,55,9,2
004322.csv,75,55,9,4
004323.csv,75,55,9,6
004324.csv,75,80,7,2
004325.csv,75,80,7,4
004326.csv,75,80,7,6
004327.csv,95,75,7,2
004328.csv,95,75,7,4
004329.csv,95,75,7,6
004330.csv,75,45,10,2
004331.csv,75,45,10,4
004332.csv,75,45,10,6
004333.csv,85,25,7,2
004334.csv,85,25,7,4
004335.csv,85,25,7,6
004336.csv,40,55,9,2
004337.csv,40,55,9,4
004338.csv,40,55,9,6
004339.csv,55,80,8,2
004340.csv,55,80,8,4
004341.csv,55,80,8,6
004342.csv,100,70,6,2
004343.csv,100,70,6,4
004344.csv,100,70,6,6
004345.csv,55,40,9,2
004346.csv,55,40,9,4
004347.csv,55,40,9,6
004348.csv,40,85,8,2
004349.csv,40,85,8,4
004350.csv,40,85,8,6
004351.csv,45,90,6,2
004352.csv,45,90,6,4
004353.csv,45,90,6,6
004354.csv,100,100,9,2
004355.csv,100,100,9,4
004356.csv,100,100,9,6
004357.csv,60,80,8,2
004358.csv,60,80,8,4
004359.csv,60,80,8,6
004360.csv,90,95,8,2
004361.csv,90,95,8,4
004362.csv,90,95,8,6
004363.csv,75,5,6,2
004364.csv,75,5,6,4
004365.csv,75,5,6,6
004366.csv,105,105,8,2
004367.csv,105,105,8,4
004368.csv,105,105,8,6
004369.csv,90,80,8,2
004370.csv,90,80,8,4
004371.csv,90,80,8,6
004372.csv,80,65,10,2
004373.csv,80,65,10,4
004374.csv,80,65,10,6
004375.csv,45,75,7,2
004376.csv,45,75,7,4
004377.csv,45,75,7,6
004378.csv,100,5,6,2
004379.csv,100,5,6,4
004380.csv,100,5,6,6
004381.csv,45,45,7,2
004382.csv,45,45,7,4
004383.csv,45,45,7,6
004384.csv,105,5,6,2
004385.csv,105,5,6,4
004386.csv,105,5,6,6
004387.csv,100,50,7,2
004388.csv,100,50,7,4
004389.csv,100,50,7,6
004390.csv,85,30,10,2
004391.csv,85,30,10,4
004392.csv,85,30,10,6
004393.csv,65,30,9,2
004394.csv,65,30,9,4
004395.csv,65,30,9,6
004396.csv,55,10,9,2
004397.csv,55,10,9,4
004398.csv,55,10,9,6
004399.csv,55,50,9,2
004400.csv,55,50,9,4
004401.csv,55,50,9,6
004402.csv,75,40,6,2
004403.csv,75,40,6,4
004404.csv,75,40,6,6
004405.csv,85,100,9,2
004406.csv,85,100,9,4
004407.csv,85,100,9,6
004408.csv,80,40,7,2
004409.csv,80,40,7,4
004410.csv,80,40,7,6
004411.csv,100,85,5,2
004412.csv,100,85,5,4
004413.csv,100,85,5,6
004414.csv,40,40,8,2
004415.csv,40,40,8,4
004416.csv,40,40,8,6
004417.csv,65,30,7,2
004418.csv,65,30,7,4
004419.csv,65,30,7,6
004420.csv,60,55,7,2
004421.csv,60,55,7,4
004422.csv,60,55,7,6
004423.csv,85,90,7,2
004424.csv,85,90,7,4
004425.csv,85,90,7,6
004426.csv,45,25,8,2
004427.csv,45,25,8,4
004428.csv,45,25,8,6
004429.csv,90,0,8,2
004430.csv,90,0,8,4
004431.csv,90,0,8,6
004432.csv,60,90,9,2
004433.csv,60,90,9,4
004434.csv,60,90,9,6
004435.csv,65,15,8,2
004436.csv,65,15,8,4
004437.csv,65,15,8,6
004438.csv,95,50,9,2
004439.csv,95,50,9,4
004440.csv,95,50,9,6
004441.csv,70,75,6,2
004442.csv,70,75,6,4
004443.csv,70,75,6,6
004444.csv,100,60,6,2
004445.csv,100,60,6,4
004446.csv,100,60,6,6
004447.csv,70,75,5,2
004448.csv,70,75,5,4
004449.csv,70,75,5,6
004450.csv,75,30,5,2
004451.csv,75,30,5,4
004452.csv,75,30,5,6
004453.csv,80,55,8,2
004454.csv,80,55,8,4
004455.csv,80,55,8,6
004456.csv,70,10,7,2
004457.csv,70,10,7,4
004458.csv,70,10,7,6
004459.csv,80,85,8,2
004460.csv,80,85,8,4
004461.csv,80,85,8,6
004462.csv,95,5,7,2
004463.csv,95,5,7,4
004464.csv,95,5,7,6
004465.csv,45,30,8,2
004466.csv,45,30,8,4
004467.csv,45,30,8,6
004468.csv,40,40,10,2
004469.csv,40,40,10,4
004470.csv,40,40,10,6
004471.csv,60,55,9,2
004472.csv,60,55,9,4
004473.csv,60,55,9,6
004474.csv,105,45,8,2
004475.csv,105,45,8,4
004476.csv,105,45,8,6
004477.csv,105,25,8,2
004478.csv,105,25,8,4
004479.csv,105,25,8,6
004480.csv,40,60,7,2
004481.csv,40,60,7,4
004482.csv,40,60,7,6
004483.csv,105,60,6,2
004484.csv,105,60,6,4
004485.csv,105,60,6,6
004486.csv,75,50,5,2
004487.csv,75,50,5,4
004488.csv,75,50,5,6
004489.csv,60,90,5,2
004490.csv,60,90,5,4
004491.csv,60,90,5,6
004492.csv,65,30,8,2
004493.csv,65,30,8,4
004494.csv,65,30,8,6
004495.csv,40,5,7,2
004496.csv,40,5,7,4
004497.csv,40,5,7,6
004498.csv,40,25,10,2
004499.csv,40,25,10,4
004500.csv,40,25,10,6
004501.csv,40,105,6,2
004502.csv,40,105,6,4
004503.csv,40,105,6,6
004504.csv,75,90,6,2
004505.csv,75,90,6,4
004506.csv,75,90,6,6
004507.csv,80,70,6,2
004508.csv,80,70,6,4
004509.csv,80,70,6,6
004510.csv,80,15,10,2
004511.csv,80,15,10,4
004512.csv,80,15,10,6
004513.csv,80,105,9,2
004514.csv,80,105,9,4
004515.csv,80,105,9,6
004516.csv,50,0,10,2
004517.csv,50,0,10,4
004518.csv,50,0,10,6
004519.csv,60,25,5,2
004520.csv,60,25,5,4
004521.csv,60,25,5,6
004522.csv,80,85,7,2
004523.csv,80,85,7,4
004524.csv,80,85,7,6
004525.csv,65,75,6,2
004526.csv,65,75,6,4
004527.csv,65,75,6,6
004528.csv,80,35,8,2
004529.csv,80,35,8,4
004530.csv,80,35,8,6
004531.csv,45,105,5,2
004532.csv,45,105,5,4
004533.csv,45,105,5,6
004534.csv,95,10,7,2
004535.csv,95,10,7,4
004536.csv,95,10,7,6
004537.csv,55,70,10,2
004538.csv,55,70,10,4
004539.csv,55,70,10,6
004540.csv,45,105,8,2
004541.csv,45,105,8,4
004542.csv,45,105,8,6
004543.csv,60,30,7,2
004544.csv,60,30,7,4
004545.csv,60,30,7,6
004546.csv,85,40,9,2
004547.csv,85,40,9,4
004548.csv,85,40,9,6
004549.csv,95,100,10,2
004550.csv,95,100,10,4
004551.csv,95,100,10,6
004552.csv,70,5,9,2
004553.csv,70,5,9,4
004554.csv,70,5,9,6
004555.csv,90,15,10,2
004556.csv,90,15,10,4
004557.csv,90,15,10,6
004558.csv,65,20,9,2
004559.csv,65,20,9,4
004560.csv,65,20,9,6
004561.csv,70,85,7,2
004562.csv,70,85,7,4
004563.csv,70,85,7,6
004564.csv,100,25,7,2
004565.csv,100,25,7,4
004566.csv,100,25,7,6
004567.csv,95,30,6,2
004568.csv,95,30,6,4
004569.csv,95,30,6,6
004570.csv,85,105,10,2
004571.csv,85,105,10,4
004572.csv,85,105,10,6
004573.csv,70,85,9,2
004574.csv,70,85,9,4
004575.csv,70,85,9,6
004576.csv,55,15,5,2
004577.csv,55,15,5,4
004578.csv,55,15,5,6
004579.csv,85,40,6,2
004580.csv,85,40,6,4
004581.csv,85,40,6,6
004582.csv,85,15,6,2
004583.csv,85,15,6,4
004584.csv,85,15,6,6
004585.csv,45,50,6,2
004586.csv,45,50,6,4
004587.csv,45,50,6,6
004588.csv,90,5,5,2
004589.csv,90,5,5,4
004590.csv,90,5,5,6
004591.csv,50,105,9,2
004592.csv,50,105,9,4
004593.csv,50,105,9,6
004594.csv,70,70,5,2
004595.csv,70,70,5,4
004596.csv,70,70,5,6
004597.csv,55,75,9,2
004598.csv,55,75,9,4
004599.csv,55,75,9,6
004600.csv,65,95,8,2
004601.csv,65,95,8,4
004602.csv,65,95,8,6
004603.csv,85,80,8,2
004604.csv,85,80,8,4
004605.csv,85,80,8,6
004606.csv,80,55,7,2
004607.csv,80,55,7,4
004608.csv,80,55,7,6
004609.csv,85,10,6,2
004610.csv,85,10,6,4
004611.csv,85,10,6,6
004612.csv,65,35,10,2
004613.csv,65,35,10,4
004614.csv,65,35,10,6
004615.csv,80,0,5,2
004616.csv,80,0,5,4
004617.csv,80,0,5,6
004618.csv,80,60,7,2
004619.csv,80,60,7,4
004620.csv,80,60,7,6
004621.csv,75,70,5,2
004622.csv,75,70,5,4
004623.csv,75,70,5,6
004624.csv,70,35,9,2
004625.csv,70,35,9,4
004626.csv,70,35,9,6
004627.csv,75,70,9,2
004628.csv,75,70,9,4
004629.csv,75,70,9,6
004630.csv,50,90,10,2
004631.csv,50,90,10,4
004632.csv,50,90,10,6
004633.csv,75,30,9,2
004634.csv,75,30,9,4
004635.csv,75,30,9,6
004636.csv,100,85,10,2
004637.csv,100,85,10,4
004638.csv,100,85,10,6
004639.csv,65,95,5,2
004640.csv,65,95,5,4
004641.csv,65,95,5,6
004642.csv,80,65,5,2
004643.csv,80,65,5,4
004644.csv,80,65,5,6
004645.csv,70,20,5,2
004646.csv,70,20,5,4
004647.csv,70,20,5,6
004648.csv,90,90,9,2
004649.csv,90,90,9,4
004650.csv,90,90,9,6
004651.csv,70,70,10,2
004652.csv,70,70,10,4
004653.csv,70,70,10,6
004654.csv,50,10,9,2
004655.csv,50,10,9,4
004656.csv,50,10,9,6
004657.csv,100,70,7,2
004658.csv,100,70,7,4
004659.csv,100,70,7,6
004660.csv,80,105,5,2
004661.csv,80,105,5,4
004662.csv,80,105,5,6
004663.csv,105,20,5,2
004664.csv,105,20,5,4
004665.csv,105,20,5,6
004666.csv,95,40,10,2
004667.csv,95,40,10,4
004668.csv,95,40,10,6
004669.csv,45,70,5,2
004670.csv,45,70,5,4
004671.csv,45,70,5,6
004672.csv,70,95,7,2
004673.csv,70,95,7,4
004674.csv,70,95,7,6
004675.csv,90,60,5,2
004676.csv,90,60,5,4
004677.csv,90,60,5,6
004678.csv,45,35,7,2
004679.csv,45,35,7,4
004680.csv,45,35,7,6
004681.csv,45,55,5,2
004682.csv,45,55,5,4
004683.csv,45,55,5,6
004684.csv,80,60,8,2
004685.csv,80,60,8,4
004686.csv,80,60,8,6
004687.csv,95,20,10,2
004688.csv,95,20,10,4
004689.csv,95,20,10,6
004690.csv,70,60,8,2
004691.csv,70,60,8,4
004692.csv,70,60,8,6
004693.csv,95,35,7,2
004694.csv,95,35,7,4
004695.csv,95,35,7,6
004696.csv,45,55,6,2
004697.csv,45,55,6,4
004698.csv,45,55,6,6
004699.csv,75,35,8,2
004700.csv,75,35,8,4
004701.csv,75,35,8,6
004702.csv,85,85,9,2
004703.csv,85,85,9,4
004704.csv,85,85,9,6
004705.csv,85,5,5,2
004706.csv,85,5,5,4
004707.csv,85,5,5,6
004708.csv,65,55,6,2
004709.csv,65,55,6,4
004710.csv,65,55,6,6
004711.csv,90,0,10,2
004712.csv,90,0,10,4
004713.csv,90,0,10,6
004714.csv,80,50,9,2
004715.csv,80,50,9,4
004716.csv,80,50,9,6
004717.csv,100,65,10,2
004718.csv,100,65,10,4
004719.csv,100,65,10,6
004720.csv,95,90,7,2
004721.csv,95,90,7,4
004722.csv,95,90,7,6
004723.csv,65,20,7,2
004724.csv,65,20,7,4
004725.csv,65,20,7,6
004726.csv,105,85,7,2
004727.csv,105,85,7,4
004728.csv,105,85,7,6
004729.csv,105,55,5,2
004730.csv,105,55,5,4
004731.csv,105,55,5,6
004732.csv,55,35,5,2
004733.csv,55,35,5,4
004734.csv,55,35,5,6
004735.csv,80,45,9,2
004736.csv,80,45,9,4
004737.csv,80,45,9,6
004738.csv,80,75,7,2
004739.csv,80,75,7,4
004740.csv,80,75,7,6
004741.csv,90,95,6,2
004742.csv,90,95,6,4
004743.csv,90,95,6,6
004744.csv,45,15,10,2
004745.csv,45,15,10,4
004746.csv,45,15,10,6
004747.csv,45,15,8,2
004748.csv,45,15,8,4
004749.csv,45,15,8,6
004750.csv,75,40,10,2
004751.csv,75,40,10,4
004752.csv,75,40,10,6
004753.csv,70,40,10,2
004754.csv,70,40,10,4
004755.csv,70,40,10,6
004756.csv,70,75,10,2
004757.csv,70,75,10,4
004758.csv,70,75,10,6
004759.csv,85,35,7,2
004760.csv,85,35,7,4
004761.csv,85,35,7,6
004762.csv,50,15,7,2
004763.csv,50,15,7,4
004764.csv,50,15,7,6
004765.csv,40,45,9,2
004766.csv,40,45,9,4
004767.csv,40,45,9,6
004768.csv,45,5,10,2
004769.csv,45,5,10,4
004770.csv,45,5,10,6
004771.csv,65,100,10,2
004772.csv,65,100,10,4
004773.csv,65,100,10,6
004774.csv,90,105,10,2
004775.csv,90,105,10,4
004776.csv,90,105,10,6
004777.csv,40,35,7,2
004778.csv,40,35,7,4
004779.csv,40,35,7,6
004780.csv,85,75,9,2
004781.csv,85,75,9,4
004782.csv,85,75,9,6
004783.csv,90,90,8,2
004784.csv,90,90,8,4
004785.csv,90,90,8,6
004786.csv,85,70,5,2
004787.csv,85,70,5,4
004788.csv,85,70,5,6
004789.csv,65,5,8,2
004790.csv,65,5,8,4
004791.csv,65,5,8,6
004792.csv,70,65,10,2
004793.csv,70,65,10,4
004794.csv,70,65,10,6
004795.csv,75,105,10,2
004796.csv,75,105,10,4
004797.csv,75,105,10,6
004798.csv,65,5,7,2
004799.csv,65,5,7,4
004800.csv,65,5,7,6
004801.csv,55,95,7,2
004802.csv,55,95,7,4
004803.csv,55,95,7,6
004804.csv,60,50,8,2
004805.csv,60,50,8,4
004806.csv,60,50,8,6
004807.csv,90,40,10,2
004808.csv,90,40,10,4
004809.csv,90,40,10,6
004810.csv,90,70,5,2
004811.csv,90,70,5,4
004812.csv,90,70,5,6
004813.csv,55,85,8,2
004814.csv,55,85,8,4
004815.csv,55,85,8,6
004816.csv,50,50,8,2
004817.csv,50,50,8,4
004818.csv,50,50,8,6
004819.csv,55,5,5,2
004820.csv,55,5,5,4
004821.csv,55,5,5,6
004822.csv,45,10,5,2
004823.csv,45,10,5,4
004824.csv,45,10,5,6
004825.csv,75,95,9,2
004826.csv,75,95,9,4
004827.csv,75,95,9,6
004828.csv,85,90,5,2
004829.csv,85,90,5,4
004830.csv,85,90,5,6
004831.csv,80,100,7,2
004832.csv,80,100,7,4
004833.csv,80,100,7,6
004834.csv,65,45,7,2
004835.csv,65,45,7,4
004836.csv,65,45,7,6
004837.csv,90,45,8,2
004838.csv,90,45,8,4
004839.csv,90,45,8,6
004840.csv,70,45,9,2
004841.csv,70,45,9,4
004842.csv,70,45,9,6
004843.csv,65,5,5,2
004844.csv,65,5,5,4
004845.csv,65,5,5,6
004846.csv,75,60,5,2
004847.csv,75,60,5,4
004848.csv,75,60,5,6
004849.csv,90,30,10,2
004850.csv,90,30,10,4
004851.csv,90,30,10,6
004852.csv,85,45,5,2
004853.csv,85,45,5,4
004854.csv,85,45,5,6
004855.csv,90,50,9,2
004856.csv,90,50,9,4
004857.csv,90,50,9,6
004858.csv,45,70,10,2
004859.csv,45,70,10,4
004860.csv,45,70,10,6
004861.csv,100,50,5,2
004862.csv,100,50,5,4
004863.csv,100,50,5,6
004864.csv,45,95,5,2
004865.csv,45,95,5,4
004866.csv,45,95,5,6
004867.csv,100,95,6,2
004868.csv,100,95,6,4
004869.csv,100,95,6,6
004870.csv,60,80,10,2
004871.csv,60,80,10,4
004872.csv,60,80,10,6
004873.csv,85,95,6,2
004874.csv,85,95,6,4
004875.csv,85,95,6,6
004876.csv,105,5,5,2
004877.csv,105,5,5,4
004878.csv,105,5,5,6
004879.csv,75,35,6,2
004880.csv,75,35,6,4
004881.csv,75,35,6,6
004882.csv,65,40,9,2
004883.csv,65,40,9,4
004884.csv,65,40,9,6
004885.csv,65,55,5,2
004886.csv,65,55,5,4
004887.csv,65,55,5,6
004888.csv,105,80,10,2
004889.csv,105,80,10,4
004890.csv,105,80,10,6
004891.csv,105,65,9,2
004892.csv,105,65,9,4
004893.csv,105,65,9,6
004894.csv,40,100,9,2
004895.csv,40,100,9,4
004896.csv,40,100,9,6
004897.csv,40,20,8,2
004898.csv,40,20,8,4
004899.csv,40,20,8,6
004900.csv,50,65,7,2
004901.csv,50,65,7,4
004902.csv,50,65,7,6
004903.csv,55,65,10,2
004904.csv,55,65,10,4
004905.csv,55,65,10,6
004906.csv,90,85,9,2
004907.csv,90,85,9,4
004908.csv,90,85,9,6
004909.csv,85,95,8,2
004910.csv,85,95,8,4
004911.csv,85,95,8,6
004912.csv,100,30,7,2
004913.csv,100,30,7,4
004914.csv,100,30,7,6
004915.csv,45,50,8,2
004916.csv,45,50,8,4
004917.csv,45,50,8,6
004918.csv,95,70,9,2
004919.csv,95,70,9,4
004920.csv,95,70,9,6
004921.csv,45,15,5,2
004922.csv,45,15,5,4
004923.csv,45,15,5,6
004924.csv,85,60,8,2
004925.csv,85,60,8,4
004926.csv,85,60,8,6
004927.csv,70,85,5,2
004928.csv,70,85,5,4
004929.csv,70,85,5,6
004930.csv,40,5,8,2
004931.csv,40,5,8,4
004932.csv,40,5,8,6
004933.csv,95,50,8,2
004934.csv,95,50,8,4
004935.csv,95,50,8,6
004936.csv,40,60,10,2
004937.csv,40,60,10,4
004938.csv,40,60,10,6
004939.csv,55,70,7,2
004940.csv,55,70,7,4
004941.csv,55,70,7,6
004942.csv,90,35,7,2
004943.csv,90,35,7,4
004944.csv,90,35,7,6
004945.csv,60,85,10,2
004946.csv,60,85,10,4
004947.csv,60,85,10,6
004948.csv,100,45,7,2
004949.csv,100,45,7,4
004950.csv,100,45,7,6
004951.csv,95,55,9,2
004952.csv,95,55,9,4
004953.csv,95,55,9,6
004954.csv,105,20,6,2
004955.csv,105,20,6,4
004956.csv,105,20,6,6
004957.csv,60,40,8,2
004958.csv,60,40,8,4
004959.csv,60,40,8,6
004960.csv,70,35,5,2
004961.csv,70,35,5,4
004962.csv,70,35,5,6
004963.csv,70,5,7,2
004964.csv,70,5,7,4
004965.csv,70,5,7,6
004966.csv,50,40,9,2
004967.csv,50,40,9,4
004968.csv,50,40,9,6
004969.csv,55,70,8,2
004970.csv,55,70,8,4
004971.csv,55,70,8,6
004972.csv,40,75,6,2
004973.csv,40,75,6,4
004974.csv,40,75,6,6
004975.csv,80,20,5,2
004976.csv,80,20,5,4
004977.csv,80,20,5,6
004978.csv,45,90,9,2
004979.csv,45,90,9,4
004980.csv,45,90,9,6
004981.csv,70,50,6,2
004982.csv,70,50,6,4
004983.csv,70,50,6,6
004984.csv,85,20,9,2
004985.csv,85,20,9,4
004986.csv,85,20,9,6
004987.csv,105,65,6,2
004988.csv,105,65,6,4
004989.csv,105,65,6,6
004990.csv,65,45,8,2
004991.csv,65,45,8,4
004992.csv,65,45,8,6
004993.csv,65,50,9,2
004994.csv,65,50,9,4
004995.csv,65,50,9,6
004996.csv,105,50,5,2
004997.csv,105,50,5,4
004998.csv,105,50,5,6
004999.csv,50,85,9,2
005000.csv,50,85,9,4
005001.csv,50,85,9,6
005002.csv,40,90,9,2
005003.csv,40,90,9,4
005004.csv,40,90,9,6
005005.csv,60,30,5,2
005006.csv,60,30,5,4
005007.csv,60,30,5,6
005008.csv,105,105,9,2
005009.csv,105,105,9,4
005010.csv,105,105,9,6
005011.csv,70,80,10,2
005012.csv,70,80,10,4
005013.csv,70,80,10,6
005014.csv,40,105,7,2
005015.csv,40,105,7,4
005016.csv,40,105,7,6
005017.csv,55,30,9,2
005018.csv,55,30,9,4
005019.csv,55,30,9,6
005020.csv,105,0,5,2
005021.csv,105,0,5,4
005022.csv,105,0,5,6
005023.csv,55,35,10,2
005024.csv,55,35,10,4
005025.csv,55,35,10,6
005026.csv,80,20,6,2
005027.csv,80,20,6,4
005028.csv,80,20,6,6
005029.csv,70,20,6,2
005030.csv,70,20,6,4
005031.csv,70,20,6,6
005032.csv,100,100,8,2
005033.csv,100,100,8,4
005034.csv,100,100,8,6
005035.csv,75,45,9,2
005036.csv,75,45,9,4
005037.csv,75,45,9,6
005038.csv,80,35,10,2
005039.csv,80,35,10,4
005040.csv,80,35,10,6
005041.csv,100,50,8,2
005042.csv,100,50,8,4
005043.csv,100,50,8,6
005044.csv,100,55,5,2
005045.csv,100,55,5,4
005046.csv,100,55,5,6
005047.csv,80,70,7,2
005048.csv,80,70,7,4
005049.csv,80,70,7,6
005050.csv,90,40,8,2
005051.csv,90,40,8,4
005052.csv,90,40,8,6
005053.csv,100,90,8,2
005054.csv,100,90,8,4
005055.csv,100,90,8,6
005056.csv,45,50,5,2
005057.csv,45,50,5,4
005058.csv,45,50,5,6
005059.csv,80,20,8,2
005060.csv,80,20,8,4
005061.csv,80,20,8,6
005062.csv,105,105,5,2
005063.csv,105,105,5,4
005064.csv,105,105,5,6
005065.csv,75,0,7,2
005066.csv,75,0,7,4
005067.csv,75,0,7,6
005068.csv,40,55,5,2
005069.csv,40,55,5,4
005070.csv,40,55,5,6
005071.csv,95,70,7,2
005072.csv,95,70,7,4
005073.csv,95,70,7,6
005074.csv,70,55,8,2
005075.csv,70,55,8,4
005076.csv,70,55,8,6
005077.csv,55,100,5,2
005078.csv,55,100,5,4
005079.csv,55,100,5,6
005080.csv,75,40,7,2
005081.csv,75,40,7,4
005082.csv,75,40,7,6
005083.csv,70,20,8,2
005084.csv,70,20,8,4
005085.csv,70,20,8,6
005086.csv,105,45,10,2
005087.csv,105,45,10,4
005088.csv,105,45,10,6
005089.csv,75,20,8,2
005090.csv,75,20,8,4
005091.csv,75,20,8,6
005092.csv,70,45,8,2
005093.csv,70,45,8,4
005094.csv,70,45,8,6
005095.csv,75,60,7,2
005096.csv,75,60,7,4
005097.csv,75,60,7,6
005098.csv,85,25,9,2
005099.csv,85,25,9,4
005100.csv,85,25,9,6
005101.csv,95,60,6,2
005102.csv,95,60,6,4
005103.csv,95,60,6,6
005104.csv,85,55,5,2
005105.csv,85,55,5,4
005106.csv,85,55,5,6
005107.csv,95,30,8,2
005108.csv,95,30,8,4
005109.csv,95,30,8,6
005110.csv,65,65,7,2
005111.csv,65,65,7,4
005112.csv,65,65,7,6
005113.csv,105,0,6,2
005114.csv,105,0,6,4
005115.csv,105,0,6,6
005116.csv,65,65,5,2
005117.csv,65,65,5,4
005118.csv,65,65,5,6
005119.csv,65,40,7,2
005120.csv,65,40,7,4
005121.csv,65,40,7,6
005122.csv,40,35,8,2
005123.csv,40,35,8,4
005124.csv,40,35,8,6
005125.csv,50,70,10,2
005126.csv,50,70,10,4
005127.csv,50,70,10,6
005128.csv,60,50,5,2
005129.csv,60,50,5,4
005130.csv,60,50,5,6
005131.csv,55,15,6,2
005132.csv,55,15,6,4
005133.csv,55,15,6,6
005134.csv,65,100,5,2
005135.csv,65,100,5,4
005136.csv,65,100,5,6
005137.csv,45,5,5,2
005138.csv,45,5,5,4
005139.csv,45,5,5,6
005140.csv,75,105,9,2
005141.csv,75,105,9,4
005142.csv,75,105,9,6
005143.csv,85,25,10,2
005144.csv,85,25,10,4
005145.csv,85,25,10,6
005146.csv,95,25,6,2
005147.csv,95,25,6,4
005148.csv,95,25,6,6
005149.csv,50,90,6,2
005150.csv,50,90,6,4
005151.csv,50,90,6,6
005152.csv,105,90,9,2
005153.csv,105,90,9,4
005154.csv,105,90,9,6
005155.csv,55,45,6,2
005156.csv,55,45,6,4
005157.csv,55,45,6,6
005158.csv,85,15,5,2
005159.csv,85,15,5,4
005160.csv,85,15,5,6
005161.csv,105,75,7,2
005162.csv,105,75,7,4
005163.csv,105,75,7,6
005164.csv,50,80,6,2
005165.csv,50,80,6,4
005166.csv,50,80,6,6
005167.csv,50,25,8,2
005168.csv,50,25,8,4
005169.csv,50,25,8,6
005170.csv,45,80,10,2
005171.csv,45,80,10,4
005172.csv,45,80,10,6
005173.csv,60,30,10,2
005174.csv,60,30,10,4
005175.csv,60,30,10,6
005176.csv,55,65,6,2
005177.csv,55,65,6,4
005178.csv,55,65,6,6
005179.csv,85,10,7,2
005180.csv,85,10,7,4
005181.csv,85,10,7,6
005182.csv,55,90,9,2
005183.csv,55,90,9,4
005184.csv,55,90,9,6
005185.csv,75,100,10,2
005186.csv,75,100,10,4
005187.csv,75,100,10,6
005188.csv,95,70,5,2
005189.csv,95,70,5,4
005190.csv,95,70,5,6
005191.csv,60,10,10,2
005192.csv,60,10,10,4
005193.csv,60,10,10,6
005194.csv,105,55,8,2
005195.csv,105,55,8,4
005196.csv,105,55,8,6
005197.csv,80,95,8,2
005198.csv,80,95,8,4
005199.csv,80,95,8,6
005200.csv,90,100,9,2
005201.csv,90,100,9,4
005202.csv,90,100,9,6
005203.csv,75,25,10,2
005204.csv,75,25,10,4
005205.csv,75,25,10,6
005206.csv,75,75,5,2
005207.csv,75,75,5,4
005208.csv,75,75,5,6
005209.csv,50,105,10,2
005210.csv,50,105,10,4
005211.csv,50,105,10,6
005212.csv,60,45,9,2
005213.csv,60,45,9,4
005214.csv,60,45,9,6
005215.csv,95,50,6,2
005216.csv,95,50,6,4
005217.csv,95,50,6,6
005218.csv,50,105,6,2
005219.csv,50,105,6,4
005220.csv,50,105,6,6
005221.csv,105,35,7,2
005222.csv,105,35,7,4
005223.csv,105,35,7,6
005224.csv,60,75,7,2
005225.csv,60,75,7,4
005226.csv,60,75,7,6
005227.csv,75,105,7,2
005228.csv,75,105,7,4
005229.csv,75,105,7,6
005230.csv,45,40,8,2
005231.csv,45,40,8,4
005232.csv,45,40,8,6
005233.csv,40,95,9,2
005234.csv,40,95,9,4
005235.csv,40,95,9,6
005236.csv,70,60,10,2
005237.csv,70,60,10,4
005238.csv,70,60,10,6
005239.csv,95,5,8,2
005240.csv,95,5,8,4
005241.csv,95,5,8,6
005242.csv,100,80,8,2
005243.csv,100,80,8,4
005244.csv,100,80,8,6
005245.csv,95,50,7,2
005246.csv,95,50,7,4
005247.csv,95,50,7,6
005248.csv,50,20,8,2
005249.csv,50,20,8,4
005250.csv,50,20,8,6
005251.csv,90,55,8,2
005252.csv,90,55,8,4
005253.csv,90,55,8,6
005254.csv,95,80,10,2
005255.csv,95,80,10,4
005256.csv,95,80,10,6
005257.csv,70,75,8,2
005258.csv,70,75,8,4
005259.csv,70,75,8,6
005260.csv,45,90,8,2
005261.csv,45,90,8,4
005262.csv,45,90,8,6
005263.csv,75,20,7,2
005264.csv,75,20,7,4
005265.csv,75,20,7,6
005266.csv,40,80,6,2
005267.csv,40,80,6,4
005268.csv,40,80,6,6
005269.csv,85,25,5,2
005270.csv,85,25,5,4
005271.csv,85,25,5,6
005272.csv,55,90,5,2
005273.csv,55,90,5,4
005274.csv,55,90,5,6
005275.csv,40,85,7,2
005276.csv,40,85,7,4
005277.csv,40,85,7,6
005278.csv,105,30,7,2
005279.csv,105,30,7,4
005280.csv,105,30,7,6
005281.csv,50,25,10,2
005282.csv,50,25,10,4
005283.csv,50,25,10,6
005284.csv,105,85,6,2
005285.csv,105,85,6,4
005286.csv,105,85,6,6
005287.csv,60,10,6,2
005288.csv,60,10,6,4
005289.csv,60,10,6,6
005290.csv,60,15,5,2
005291.csv,60,15,5,4
005292.csv,60,15,5,6
005293.csv,80,30,8,2
005294.csv,80,30,8,4
005295.csv,80,30,8,6
005296.csv,65,60,6,2
005297.csv,65,60,6,4
005298.csv,65,60,6,6
005299.csv,75,45,7,2
005300.csv,75,45,7,4
005301.csv,75,45,7,6
005302.csv,85,105,8,2
005303.csv,85,105,8,4
005304.csv,85,105,8,6
005305.csv,105,25,5,2
005306.csv,105,25,5,4
005307.csv,105,25,5,6
005308.csv,50,65,5,2
005309.csv,50,65,5,4
005310.csv,50,65,5,6
005311.csv,65,15,9,2
005312.csv,65,15,9,4
005313.csv,65,15,9,6
005314.csv,95,75,5,2
005315.csv,95,75,5,4
005316.csv,95,75,5,6
005317.csv,100,40,7,2
005318.csv,100,40,7,4
005319.csv,100,40,7,6
005320.csv,95,70,10,2
005321.csv,95,70,10,4
005322.csv,95,70,10,6
005323.csv,90,70,9,2
005324.csv,90,70,9,4
005325.csv,90,70,9,6
005326.csv,70,50,8,2
005327.csv,70,50,8,4
005328.csv,70,50,8,6
005329.csv,60,65,10,2
005330.csv,60,65,10,4
005331.csv,60,65,10,6
005332.csv,55,70,6,2
005333.csv,55,70,6,4
005334.csv,55,70,6,6
005335.csv,45,25,6,2
005336.csv,45,25,6,4
005337.csv,45,25,6,6
005338.csv,100,45,5,2
005339.csv,100,45,5,4
005340.csv,100,45,5,6
005341.csv,70,40,7,2
005342.csv,70,40,7,4
005343.csv,70,40,7,6
005344.csv,100,80,9,2
005345.csv,100,80,9,4
005346.csv,100,80,9,6
005347.csv,45,60,10,2
005348.csv,45,60,10,4
005349.csv,45,60,10,6
005350.csv,70,105,8,2
005351.csv,70,105,8,4
005352.csv,70,105,8,6
005353.csv,95,15,10,2
005354.csv,95,15,10,4
005355.csv,95,15,10,6
005356.csv,65,90,5,2
005357.csv,65,90,5,4
005358.csv,65,90,5,6
005359.csv,80,50,7,2
005360.csv,80,50,7,4
005361.csv,80,50,7,6
005362.csv,45,30,5,2
005363.csv,45,30,5,4
005364.csv,45,30,5,6
005365.csv,100,95,8,2
005366.csv,100,95,8,4
005367.csv,100,95,8,6
005368.csv,100,10,7,2
005369.csv,100,10,7,4
005370.csv,100,10,7,6
005371.csv,95,45,9,2
005372.csv,95,45,9,4
005373.csv,95,45,9,6
005374.csv,85,20,6,2
005375.csv,85,20,6,4
005376.csv,85,20,6,6
005377.csv,50,75,7,2
005378.csv,50,75,7,4
005379.csv,50,75,7,6
005380.csv,70,95,5,2
005381.csv,70,95,5,4
005382.csv,70,95,5,6
005383.csv,95,10,5,2
005384.csv,95,10,5,4
005385.csv,95,10,5,6
005386.csv,60,50,7,2
005387.csv,60,50,7,4
005388.csv,60,50,7,6
005389.csv,90,75,6,2
005390.csv,90,75,6,4
005391.csv,90,75,6,6
005392.csv,90,80,6,2
005393.csv,90,80,6,4
005394.csv,90,80,6,6
005395.csv,45,5,7,2
005396.csv,45,5,7,4
005397.csv,45,5,7,6
005398.csv,55,75,7,2
005399.csv,55,75,7,4
005400.csv,55,75,7,6
