0,0,0,0,0,0,0,0,0,0,0,0,0,0,0,0,0,0,0,0,0,0,0,0,0,0,0,0,0,0,0,0,0,0,0,0,0,0,0,0,0,0,0,0,0,0,0,0,0,0,0,0,0,0,0,0,0,0,0,0,0,0,0,0,0,0,0,0,0,0,0,0,0,0,0,0,0,0,0,0,0,0,0,0,0,0,0,0,0,0,0,0,0,0,0,0,0,0,0,0,0,0,0,0,0,0,0,0,0,0,0,0,0,0,0,0,0,0,0,0,0,0,0,0,0
0,0,0,0,0,0,0,0,0,0,0,0,0,0,0,0,0,0,0,0,0,0,0,0,0,0,0,0,0,0,0,0,0,0,0,0,0,0,0,0,0,0,0,0,0,0,0,0,0,0,0,1,0,0,1,3,4,1,2,1,1,2,5,2,1,1,3,4,2,0,1,0,0,0,0,0,0,0,0,0,0,0,0,0,0,0,0,0,0,0,0,0,0,0,0,0,0,0,0,0,0,0,0,0,0,0,0,0,0,0,0,0,0,0,0,0,0,0,0,0,0,0,0,0,0
0,0,0,0,0,0,0,0,0,0,0,0,0,0,0,0,0,0,0,0,0,0,0,0,0,0,0,0,0,0,0,0,0,0,0,0,0,0,0,0,0,0,0,0,0,0,1,1,0,1,1,2,4,2,3,3,1,3,2,11,6,5,12,5,2,2,3,2,3,5,3,6,1,0,0,1,1,0,0,0,0,0,0,0,0,0,0,0,0,0,0,0,0,0,0,0,0,0,0,0,0,0,0,0,0,0,0,0,0,0,0,0,0,0,0,0,0,0,0,0,0,0,0,0,0
0,0,0,0,0,0,0,0,0,0,0,0,0,0,0,0,0,0,0,0,0,0,0,0,0,0,0,0,0,0,0,0,0,0,0,0,0,0,0,0,0,0,1,0,2,0,1,1,3,6,6,4,3,7,10,17,6,24,10,9,8,7,5,7,26,15,11,19,7,10,3,5,6,9,5,1,2,1,0,1,0,0,0,0,0,0,0,0,0,0,0,0,0,0,0,0,0,0,0,0,0,0,0,0,0,0,0,0,0,0,0,0,0,0,0,0,0,0,0,0,0,0,0,0,0
0,0,0,0,0,0,0,0,0,0,0,0,0,0,0,0,0,0,0,0,0,0,0,0,0,0,0,0,0,0,0,0,0,0,0,0,0,0,0,0,1,0,2,0,2,2,10,11,11,5,10,9,33,18,15,14,18,16,19,31,46,66,38,33,25,45,20,30,32,35,43,15,15,7,12,12,17,12,1,0,2,0,1,0,0,0,0,0,0,0,0,0,0,0,0,0,0,0,0,0,0,0,0,0,0,0,0,0,0,0,0,0,0,0,0,0,0,0,0,0,0,0,0,0,0
0,0,0,0,0,0,0,0,0,0,0,0,0,0,0,0,0,0,0,0,0,0,0,0,0,0,0,0,0,0,0,0,0,0,0,0,0,1,0,2,0,3,6,11,23,18,5,17,7,23,33,23,23,24,32,38,47,51,45,31,37,43,26,44,55,52,39,53,28,26,31,44,53,31,27,5,12,17,35,29,15,2,3,2,2,0,0,0,0,0,0,0,0,0,0,0,0,0,0,0,0,0,0,0,0,0,0,0,0,0,0,0,0,0,0,0,0,0,0,0,0,0,0,0,0
0,0,0,0,0,0,0,0,0,0,0,0,0,0,0,0,0,0,0,0,0,0,0,0,0,0,0,0,0,0,0,0,0,0,0,0,0,2,0,4,10,13,18,11,7,14,21,49,43,42,22,23,69,49,72,68,56,69,75,101,106,97,126,121,84,64,93,104,106,119,81,45,34,44,79,92,79,22,5,11,24,27,21,11,4,2,1,1,0,0,0,0,0,0,0,0,0,0,0,0,0,0,0,0,0,0,0,0,0,0,0,0,0,0,0,0,0,0,0,0,0,0,0,0,0
0,0,0,0,0,0,0,0,0,0,0,0,0,0,0,0,0,0,0,0,0,0,0,0,0,0,0,0,0,0,0,0,0,0,0,2,0,13,11,14,5,5,14,40,28,66,29,45,33,55,85,113,97,67,129,108,114,194,128,208,173,178,174,142,146,173,236,127,144,89,110,151,216,126,55,44,51,84,112,85,35,10,20,11,9,12,5,7,0,1,0,0,0,0,0,0,0,0,0,0,0,0,0,0,0,0,0,0,0,0,0,0,0,0,0,0,0,0,0,0,0,0,0,0,0
0,0,0,0,0,0,0,0,0,0,0,0,0,0,0,0,0,0,0,0,0,0,0,0,0,0,0,0,0,0,0,0,0,3,3,8,2,18,1,19,29,26,39,47,41,36,58,93,122,148,107,87,142,195,202,201,190,216,173,194,175,192,234,231,239,199,205,211,316,270,252,128,121,148,223,200,145,52,60,55,123,85,49,60,15,14,11,13,5,3,0,1,0,0,0,0,0,0,0,0,0,0,0,0,0,0,0,0,0,0,0,0,0,0,0,0,0,0,0,0,0,0,0,0,0
0,0,0,0,0,0,0,0,0,0,0,0,0,0,0,0,0,0,0,0,0,0,0,0,0,0,0,0,0,0,1,0,3,3,2,8,6,35,28,36,22,39,28,39,86,88,110,143,97,138,149,196,202,226,171,213,290,241,269,328,334,300,344,274,394,377,508,366,204,255,321,306,303,224,120,136,146,196,142,126,58,36,59,72,91,70,29,25,5,8,1,2,0,0,0,0,0,0,0,0,0,0,0,0,0,0,0,0,0,0,0,0,0,0,0,0,0,0,0,0,0,0,0,0,0
0,0,0,0,0,0,0,0,0,0,0,0,0,0,0,0,0,0,0,0,0,0,0,0,0,0,0,0,0,0,2,4,2,3,10,12,26,20,50,36,50,88,116,76,175,179,174,197,232,262,376,334,291,292,409,352,459,458,460,418,462,526,478,614,303,322,316,452,676,535,329,275,259,423,397,436,294,202,252,226,205,230,152,116,27,35,37,55,45,30,16,19,3,5,0,0,0,0,0,0,0,0,0,0,0,0,0,0,0,0,0,0,0,0,0,0,0,0,0,0,0,0,0,0,0
0,0,0,0,0,0,0,0,0,0,0,0,0,0,0,0,0,0,0,0,0,0,0,0,0,0,0,1,5,0,10,6,7,22,22,21,27,51,56,95,137,97,126,133,159,133,224,240,383,318,332,309,462,583,504,494,554,577,703,733,655,725,626,492,829,889,701,617,419,563,732,912,633,527,334,533,416,496,341,244,220,174,172,245,186,241,77,61,36,51,33,13,13,4,6,2,0,0,0,0,0,0,0,0,0,0,0,0,0,0,0,0,0,0,0,0,0,0,0,0,0,0,0,0,0
0,0,0,0,0,0,0,0,0,0,0,0,0,0,0,0,0,0,0,0,0,0,0,0,0,0,3,2,5,11,4,9,14,14,38,36,85,66,124,102,104,105,175,185,274,328,291,272,388,285,573,539,562,519,501,706,830,765,751,822,747,846,965,1023,757,793,771,1130,970,904,522,549,683,678,580,698,356,456,381,472,350,404,298,168,130,102,147,132,95,86,37,48,13,27,18,3,6,0,0,0,0,0,0,0,0,0,0,0,0,0,0,0,0,0,0,0,0,0,0,0,0,0,0,0,0
0,0,0,0,0,0,0,0,0,0,0,0,0,0,0,0,0,0,0,0,0,0,0,0,0,2,2,6,13,9,19,30,41,69,40,34,79,90,123,135,299,279,317,231,406,326,444,376,629,766,563,757,543,940,951,973,801,923,1139,955,1020,877,814,1096,1178,1492,1043,870,961,1048,992,1203,879,733,898,821,860,832,622,508,423,420,346,601,386,300,268,119,135,90,99,66,56,21,28,16,7,8,6,0,0,0,0,0,0,0,0,0,0,0,0,0,0,0,0,0,0,0,0,0,0,0,0,0,0
0,0,0,0,0,0,0,0,0,0,0,0,0,0,0,0,0,0,0,0,0,0,0,3,6,1,12,15,6,10,27,56,27,36,93,84,143,152,183,185,244,242,265,407,463,507,591,610,421,628,643,896,1254,1054,886,1110,1192,827,1183,982,1257,1492,1436,1213,1180,1153,1353,1837,1385,1155,1145,1055,1072,1301,1141,979,858,655,829,930,725,570,553,275,305,355,375,289,279,121,84,78,54,58,39,15,34,17,3,2,1,0,0,0,0,0,0,0,0,0,0,0,0,0,0,0,0,0,0,0,0,0,0,0,0
0,0,0,0,0,0,0,0,0,0,0,0,0,0,0,0,0,0,0,0,0,0,2,1,2,10,5,11,21,35,29,57,51,112,74,98,168,163,262,304,291,414,471,574,439,735,708,1047,1067,912,1190,1017,845,828,1140,1041,1101,1564,1419,1556,1471,1173,1236,1386,1553,1289,1459,1000,1469,1518,1460,1382,1292,929,1260,1211,1310,1149,1231,734,786,863,666,675,582,411,290,331,226,217,218,146,116,48,69,57,39,20,10,8,2,0,0,0,0,0,0,0,0,0,0,0,0,0,0,0,0,0,0,0,0,0,0,0,0
0,0,0,0,0,0,0,0,0,0,0,0,0,0,0,0,0,0,0,0,0,1,0,5,13,16,7,21,22,44,83,79,62,76,127,243,227,318,330,493,416,468,441,617,729,857,840,665,762,939,828,1009,1524,1287,1427,1415,1337,1248,1487,1452,1625,1794,1641,1264,1763,1473,1888,1512,1697,1237,1695,1764,1856,1805,1690,1283,1266,1352,1091,1170,1052,739,756,551,700,432,680,467,420,328,205,208,169,138,79,42,62,37,26,11,9,5,2,0,0,0,0,0,0,0,0,0,0,0,0,0,0,0,0,0,0,0,0,0,0
0,0,0,0,0,0,0,0,0,0,0,0,0,0,0,0,0,0,0,1,1,0,4,1,9,12,15,39,85,85,57,104,78,240,250,238,339,376,518,425,583,644,585,870,842,762,1042,991,1469,1245,1506,1373,1288,1416,1243,1591,1933,1657,1955,1577,1547,1579,1979,2217,2014,1838,1730,1872,1832,1968,2042,1532,1523,1592,1523,1548,1742,1271,1259,1061,1216,1150,1265,1102,825,772,404,449,413,432,495,282,218,151,160,123,61,43,50,15,24,7,1,2,0,0,0,0,0,0,0,0,0,0,0,0,0,0,0,0,0,0,0,0,0
0,0,0,0,0,0,0,0,0,0,0,0,0,0,0,0,0,0,1,0,1,11,2,13,5,24,36,62,36,87,115,96,143,249,217,374,384,507,514,823,619,663,918,522,1072,1100,1247,1337,1319,1253,1107,1809,1299,1716,2004,1708,1821,1743,1832,2073,2231,2093,1695,1819,2170,2527,2280,1962,1867,1664,1889,2085,2518,2238,2069,2145,1544,1856,1965,1901,1552,1394,1111,908,1219,941,996,809,658,444,337,345,306,365,220,117,77,73,29,40,19,11,10,4,1,0,0,0,0,0,0,0,0,0,0,0,0,0,0,0,0,0,0,0,0
0,0,0,0,0,0,0,0,0,0,0,0,0,0,0,0,0,0,1,9,2,4,6,8,45,38,50,71,82,128,103,209,277,353,474,444,546,468,508,489,560,716,893,1220,851,1308,1165,1284,1212,1642,1575,1431,1716,1559,1799,2036,1978,2198,2309,1893,1724,2340,2549,2555,2176,2074,2106,2631,2581,2430,2573,2201,2106,2145,2210,2271,2054,1604,1514,1297,1656,1446,1723,1508,1001,1065,630,742,701,864,591,459,460,235,270,289,177,100,75,86,24,37,20,8,1,1,0,0,0,0,0,0,0,0,0,0,0,0,0,0,0,0,0,0,0
0,0,0,0,0,0,0,0,0,0,0,0,0,0,0,0,0,1,2,5,10,14,36,37,43,69,85,86,116,142,257,147,355,321,414,510,458,573,766,961,928,1037,968,962,1208,1399,1438,1374,1548,1537,1666,1877,1770,2319,1801,2075,1906,2088,2152,2589,2776,2426,1814,2286,2427,2897,2661,2576,2269,2449,2395,2406,2390,2292,1963,2190,1917,2207,2049,2161,1847,1637,1216,1228,1448,1637,1530,1499,791,636,563,542,508,502,359,260,203,244,94,80,51,56,21,15,11,3,0,0,0,0,0,0,0,0,0,0,0,0,0,0,0,0,0,0,0
0,0,0,0,0,0,0,0,0,0,0,0,0,0,0,0,0,7,1,4,3,6,28,51,66,59,71,156,154,189,287,322,463,528,605,660,726,740,607,884,950,1187,1314,1340,1480,1449,1491,1604,1763,1664,1937,1716,2030,1647,2144,2297,2765,2280,2627,2290,2043,2759,3621,3126,2706,2444,2278,3346,2879,3686,2507,3009,2473,3024,2734,2808,2494,2500,1879,1815,1748,2041,1634,1691,1533,1036,1279,1109,1169,1242,1053,848,640,381,387,455,409,197,240,111,70,57,24,31,17,15,2,1,0,0,0,0,0,0,0,0,0,0,0,0,0,0,0,0,0
0,0,0,0,0,0,0,0,0,0,0,0,0,0,0,3,0,2,5,2,16,29,55,52,96,93,175,126,185,396,292,443,472,433,733,532,746,926,1011,1224,1403,1462,1304,1533,1397,1305,1862,1548,1887,1963,2041,1983,2161,2666,2249,2224,1967,2528,2571,2954,2893,3035,2111,2513,2781,3479,2905,3024,2504,2791,2715,3161,2984,2888,2546,2286,2312,2419,2530,2549,2265,1891,1875,2001,1722,2306,1455,1375,1015,970,761,1014,903,721,688,367,439,407,198,176,107,88,43,31,32,25,18,3,1,0,0,0,0,0,0,0,0,0,0,0,0,0,0,0,0
0,0,0,0,0,0,0,0,0,0,0,0,0,0,1,2,4,1,7,15,24,33,38,74,108,97,152,183,329,250,567,510,644,711,482,1111,1164,990,988,960,1257,1148,1493,1296,1359,1563,1719,2067,1863,2078,2281,2093,2216,2088,2476,2580,3107,2996,2321,2711,2314,3295,3469,3570,2957,2574,2874,3322,3515,3305,3267,2727,2844,2603,3730,3091,3028,3349,2866,2643,2559,2433,2163,1967,1870,1475,1398,1603,1865,1455,1520,1016,680,730,561,605,623,326,373,378,208,87,90,34,27,19,10,5,2,0,0,0,0,0,0,0,0,0,0,0,0,0,0,0,0
0,0,0,0,0,0,0,0,0,0,0,0,0,0,2,1,1,9,3,10,70,36,104,91,120,236,175,298,368,562,558,545,673,615,816,681,995,951,1357,1281,1651,1500,1507,1554,1557,1845,2031,2079,2344,2172,2155,2331,2962,3072,2497,2973,2166,3047,3210,3541,3419,2958,2743,2768,3929,3654,3956,3314,3144,2719,3712,3591,3478,3523,2881,2599,3050,2525,3000,2873,2757,2227,2437,2517,2502,2412,2426,1582,1404,1314,1260,1306,1385,1026,884,610,488,453,474,322,259,203,72,68,48,49,24,26,10,0,0,0,0,0,0,0,0,0,0,0,0,0,0,0,0
0,0,0,0,0,0,0,0,0,0,0,0,2,0,3,4,8,8,33,51,56,58,108,134,134,154,339,436,426,537,571,626,760,700,1069,1075,1261,1358,1525,1235,1325,1705,1673,1960,2008,1639,1939,2422,1848,2880,2538,2735,2019,2589,3104,2786,3749,2777,3182,2550,3420,3010,3661,3903,3447,3079,3308,3201,3985,3797,3881,2791,3597,3152,3795,3713,3497,3714,3455,3293,3128,3214,2748,2710,2458,1823,2109,1908,2116,1792,1498,1341,1139,946,1096,784,816,543,348,432,394,283,215,120,51,25,32,13,13,6,5,0,0,0,0,0,0,0,0,0,0,0,0,0,0
0,0,0,0,0,0,0,0,0,0,0,0,0,1,6,5,8,8,32,88,61,138,86,117,246,282,517,408,618,537,609,856,767,1020,932,1251,1311,1204,1478,1642,1737,1826,1926,2341,1907,2604,2251,2488,2384,2322,2488,2755,3152,2894,2978,2662,3120,2933,3569,3578,3986,2973,3384,3323,4194,4007,4237,3301,3649,3816,3620,4400,3926,3444,3889,3304,3532,3364,3938,2955,3155,2638,2961,2843,2853,2649,2085,2319,1547,1678,1663,1672,1413,1596,1030,915,684,720,692,445,310,344,262,211,104,41,43,25,18,29,0,0,0,0,0,0,0,0,0,0,0,0,0,0,0
0,0,0,0,0,0,0,0,0,0,0,1,4,2,2,8,14,52,81,53,114,67,156,242,235,400,399,478,572,636,835,911,837,1107,1077,1710,1337,1992,1605,1722,1942,1605,2057,2101,2314,2300,2689,2436,3045,3182,2994,2699,3088,2514,2998,3260,3599,3679,3240,3451,3220,3972,4019,4286,3514,3487,3723,3878,4644,3994,3881,3475,3583,3743,3684,3903,3865,3222,3227,3594,3635,3544,3330,2505,2411,2616,2563,2443,2725,2130,1666,1848,1237,1449,1468,1401,993,698,786,504,642,391,328,227,177,118,65,76,14,12,12,3,1,0,0,0,0,0,0,0,0,0,0,0,0
0,0,0,0,0,0,0,0,0,0,0,3,2,7,8,14,10,83,58,64,96,115,225,318,350,446,463,682,682,967,713,994,1127,1195,1263,1634,1150,1620,1502,1900,2015,2120,2309,2253,2324,2233,2926,2448,2816,2469,3220,2591,3280,3186,4013,3258,3175,3501,3235,4180,3733,3461,3803,3646,4560,4199,4301,4059,3841,4818,4094,5225,4147,4718,3635,4734,4279,4578,4096,3882,3295,3046,3433,3507,3676,2958,3061,2477,2064,2059,2093,2257,1972,1653,1402,1281,1068,1195,848,660,452,495,443,263,258,159,59,70,66,16,31,8,1,0,0,0,0,0,0,0,0,0,0,0,0
0,0,0,0,0,0,0,0,0,0,2,2,6,8,11,12,59,72,66,120,143,144,214,388,380,521,572,791,720,840,975,1018,1261,1509,1298,1297,1739,1927,1910,1947,1863,2256,2244,2618,2842,2527,2906,2286,3278,3279,3212,3485,2996,3407,3009,3887,4213,3672,3997,3205,3805,4311,4424,4495,3606,4285,3984,4324,4384,4678,4019,3765,4165,4329,4490,4258,3655,3707,3444,4058,3772,4542,3796,3492,2957,3056,2868,3151,2840,2674,1946,1749,1823,1574,1798,1537,1343,1064,958,989,710,499,515,398,287,235,113,56,56,35,16,18,5,2,0,0,0,0,0,0,0,0,0,0,0
0,0,0,0,0,0,0,0,0,1,2,6,6,12,6,26,91,47,171,114,126,318,288,389,449,609,705,676,893,946,1215,1319,1122,1269,1684,1541,1561,1521,1870,1976,2287,2396,2676,2362,2294,2680,2464,3232,2497,2780,2727,3204,3709,3773,4641,3519,3449,3670,3926,4706,3714,3973,3891,4533,4110,5558,4284,4377,3865,4503,4483,4663,4916,4558,4277,4484,5051,4567,4667,4527,3898,3590,3575,4425,3222,4089,2947,2703,2731,2684,2610,2675,2273,2013,1426,1728,1239,1353,1145,915,752,695,513,505,292,325,194,108,76,92,24,7,12,1,0,0,0,0,0,0,0,0,0,0,0
0,0,0,0,0,0,0,0,1,1,3,1,6,13,21,97,50,118,116,120,202,317,489,455,513,606,825,916,1088,898,1209,1204,1490,1452,1742,1746,2058,2145,2245,2391,2143,2673,2550,3052,3235,3780,2575,3063,2945,3012,3514,3812,3506,3363,3446,3774,4205,4397,4015,3997,4219,4836,3888,4410,5233,4319,4849,4741,5082,4529,4610,4461,4806,5187,4957,5265,4686,4432,4472,3929,4792,3763,3935,3532,3194,3550,3360,3628,3193,2783,2819,1892,2303,2056,2192,1955,1801,1347,1125,1058,989,818,595,492,412,293,337,182,70,55,44,40,15,11,2,0,0,0,0,0,0,0,0,0,0
0,0,0,0,0,0,0,0,0,2,5,4,9,16,38,33,87,110,94,178,293,349,509,555,659,803,936,726,1137,985,1223,1392,1396,1697,1949,2090,1514,2253,2068,2332,2985,2801,2934,2682,2594,3141,3142,3424,3306,3950,3956,3493,4055,4204,3694,3631,3913,3644,4802,4171,4560,4535,4093,5526,4473,4728,4784,4930,4050,4464,4860,5265,4843,4749,4868,4487,5034,5611,4794,4846,4106,5098,4608,4825,4656,3593,3476,3171,2986,3327,2802,2839,2545,2142,1709,1918,1870,1622,1642,1224,987,1033,571,538,624,326,243,238,160,75,69,33,8,22,1,0,0,0,0,0,0,0,0,0,0
0,0,0,0,0,0,0,0,2,1,6,9,7,38,43,48,122,92,134,288,344,352,660,666,780,672,857,960,1098,1412,1397,1672,1704,1437,1688,1996,2332,2423,2684,2594,2073,2560,2358,2959,2925,3466,3470,3291,3584,2730,3741,3717,3890,3725,3651,3752,3608,4281,4148,4445,4880,4732,4763,4479,4910,4441,5900,4922,4219,5681,4924,5049,5401,5743,5146,5744,4860,4484,5237,5049,4925,4136,4246,3562,3699,3973,3710,4411,3992,2714,3011,2803,2356,2159,2623,1942,1651,1840,1381,1332,1474,901,753,675,486,477,252,264,217,152,66,33,49,12,5,2,0,0,0,0,0,0,0,0,0
0,0,0,0,0,0,0,0,2,7,2,12,27,46,41,114,89,97,305,304,462,537,545,553,674,860,992,1215,955,1397,1349,1480,1371,2081,1754,2209,2022,2225,1968,2522,2921,2784,3445,2396,3281,2709,3237,3629,4014,4169,3529,4463,3286,4045,3716,4402,4328,4681,4740,4039,5115,5253,4274,6060,4721,4706,4386,5753,6039,5076,5438,4722,5379,4862,5553,5483,4946,4998,4365,4407,3963,4870,4150,4991,4958,4055,3462,3002,2838,3535,3744,3189,2789,2626,2173,2249,2252,1887,1429,1364,1193,1071,1036,784,500,485,542,345,178,182,103,44,55,20,25,3,1,0,0,0,0,0,0,0,0
0,0,0,0,0,0,1,2,5,8,3,16,41,33,98,110,86,235,307,258,490,636,490,680,703,1068,962,1225,1301,1356,1562,1926,1723,1916,2220,1971,2560,2679,2958,2732,3052,2352,3049,2873,3106,3896,3939,3499,3037,3561,3394,3446,4657,4491,4597,4011,3863,4637,4395,5268,4878,5046,4956,5338,5412,4939,6209,5399,4897,5202,5930,6204,5413,5668,5907,5155,5424,5057,5804,5195,5630,4389,4388,4348,3814,3948,4457,4139,4085,2971,3068,2640,3104,3307,2335,2072,2091,1700,2124,1685,1522,1253,1231,1005,770,590,444,489,284,179,124,108,25,58,37,4,1,0,0,0,0,0,0,0,0
0,0,0,0,0,0,1,5,2,10,15,16,41,53,112,91,259,241,288,491,536,550,790,830,1015,1069,1094,1168,1227,1642,1562,1640,1907,2005,1867,2273,2272,2207,2537,2841,2516,3416,2824,3318,3406,3058,3235,3699,4064,3928,4231,4177,3678,3422,3961,4715,4630,4494,5205,4817,5050,4627,5927,5229,5588,5895,5020,5152,6975,6134,5757,5238,4938,5103,5745,5467,4814,5261,4402,4779,4275,4362,4824,5189,4484,4657,3344,3897,3295,3990,3674,3206,3031,2654,2376,2459,2726,2100,1737,1563,1845,1471,1258,878,1054,681,482,436,349,227,179,128,32,56,17,7,4,1,0,0,0,0,0,0,0
0,0,0,0,0,2,1,1,9,7,23,18,48,103,107,141,195,237,423,476,545,640,708,1020,817,1039,1163,1393,1457,1444,1628,2001,1937,1945,1926,2185,2524,2670,2693,2630,2975,2975,2922,3223,3114,3963,3485,3426,3961,3427,3708,4139,5016,4690,4754,4316,5009,4266,4596,5238,5581,4670,5017,4979,5630,5545,4946,5570,5683,5368,4964,6429,5662,5630,5357,4916,5887,5817,5920,6988,5375,5906,5080,4332,4550,5051,5213,4348,4017,3879,2945,3601,3314,2878,2702,2712,1923,2133,2483,1802,1525,1775,1393,972,852,825,719,436,455,217,251,67,126,30,48,36,6,0,0,0,0,0,0,0,0
0,0,0,0,0,1,3,8,7,9,37,51,103,106,113,183,216,389,355,482,620,856,773,781,1015,1304,1423,1190,1413,1387,1887,1848,1854,2080,2401,2421,2570,2545,2659,2948,2666,3490,3325,3691,3269,3700,3541,3949,3961,4468,4353,3891,3211,3969,4022,4338,5347,5467,6052,4182,4967,5179,6266,5376,5738,5685,5695,5557,6178,6377,6092,5783,5844,5978,6075,6478,5909,5207,5544,4978,4404,5377,5355,5115,4834,4598,3516,3684,4627,3907,3965,4127,3204,2841,3219,2308,2584,2147,1926,1780,1922,1409,1297,1521,1119,647,842,637,379,416,346,137,111,70,49,42,6,6,1,0,0,0,0,0,0
0,0,0,0,0,1,1,4,13,14,30,61,60,103,145,216,331,392,390,600,750,865,675,886,1300,1164,1327,1407,1477,1670,2025,1774,2096,2665,2053,2545,2534,2759,3158,3230,3180,2627,3455,3243,4017,3961,3805,3462,3876,3966,3805,4395,4697,4346,4980,5463,4503,4703,4689,5960,4833,5290,5119,4287,5466,6938,6778,4936,5829,5181,6141,5929,7057,4281,6072,5488,5066,6130,5902,6238,5593,5900,4428,4094,4986,4923,4591,5378,3815,3667,3674,3634,3368,3804,3128,2458,3446,2314,2353,2065,2050,1778,1874,1343,1275,1017,774,591,469,326,248,291,120,81,52,43,20,6,0,0,0,0,0,0,0
0,0,0,0,1,1,8,1,16,14,30,95,87,179,160,251,365,352,597,855,630,825,936,1078,1221,1229,1225,1639,1770,1531,1791,2224,2043,2472,2519,2215,2906,2769,3325,2603,3559,3018,4110,4092,3477,3612,3974,4374,4253,4224,4608,3995,3878,4525,3920,4945,5027,5625,4354,4408,4820,5987,6348,5731,5953,5070,5365,6520,6005,6713,5958,6148,5732,6994,6138,6246,6601,6691,5676,4821,5481,5356,5849,5239,5400,4724,3962,3891,4584,4234,4048,3498,3395,3396,3313,2845,2623,2136,2658,2102,1893,1681,1599,1272,1171,1203,924,601,771,547,368,254,238,50,95,20,31,12,1,0,0,0,0,0,0
0,0,0,0,0,3,8,13,13,43,69,92,107,181,186,366,361,583,583,645,662,959,862,1044,1020,1532,1273,1536,1627,1747,2006,2084,2649,2088,2518,2761,2475,2975,3301,3432,3565,3483,3632,3268,3901,4162,4117,3876,3694,4234,4174,5445,4570,4279,4581,5040,4623,4444,5858,5975,5646,5697,4437,5962,5526,7393,6109,7220,5153,5502,6395,6876,6780,5457,5790,5241,5580,5408,5655,6093,6328,5104,4738,5100,5708,5025,5985,4435,3900,4117,3773,3713,3673,3727,3297,2974,3247,2453,2607,2143,2264,2002,1540,1677,1302,1070,1026,872,526,456,460,355,206,117,62,60,40,20,14,0,0,0,0,0,0
0,0,0,0,3,0,10,5,15,49,39,127,120,112,296,355,405,658,523,862,1069,791,1104,1125,1457,1272,1641,1433,2059,1787,2075,1968,2398,2434,2615,2980,3015,3074,2868,3156,3173,3156,3879,3541,4085,3832,3728,4014,4199,5263,4191,4121,4083,4275,5375,4544,5027,4782,4493,4809,4994,6089,6345,5879,5341,5655,5388,6408,5935,7627,5991,5890,5520,6575,6325,6901,8038,6386,6708,5756,6415,5833,7161,4964,6129,4718,4376,3846,4979,4501,4201,3883,3645,3567,2777,3387,2713,2766,2708,2273,2074,1929,1765,1540,1829,985,1263,878,876,482,400,349,213,207,73,49,41,27,10,1,0,0,0,0,0
0,0,0,0,5,4,7,16,16,90,65,157,109,186,259,367,611,684,659,856,831,790,1184,1035,1214,1564,1625,1800,1788,1992,2300,2323,2356,2888,2659,2508,2571,3051,3763,3737,3644,2868,3734,3186,4294,3803,4108,4533,3769,4592,4462,4825,4970,4461,4526,4502,4246,4571,5517,5950,6168,5057,4658,5674,5677,6090,6551,6252,6951,5425,6476,6364,7879,6492,5786,6048,5507,6274,6186,6787,5641,4864,5298,4816,5655,5694,5407,4478,4787,3598,4005,3656,3532,3190,3824,3078,2735,2778,2034,2630,2280,1867,1903,2002,1457,1212,1072,884,760,627,496,291,373,151,126,44,61,24,36,1,0,0,0,0,0
0,0,0,0,3,7,9,13,23,84,93,113,159,265,285,570,422,656,711,812,1074,1203,1103,1254,1666,1606,2044,1510,2198,1946,2513,2259,2529,2551,2867,3091,3207,3137,3467,3266,3312,3660,4406,4070,4113,4172,4629,3885,4373,4036,4373,4048,5096,4900,4681,5026,5091,5143,4153,4600,5240,5096,6048,5963,6106,4527,5936,5700,7274,7192,6533,5321,5663,5418,6753,6823,6343,5954,5765,5554,5851,6632,5674,5177,4909,4664,4532,4528,5018,4634,4382,3421,3608,3917,3399,2673,3707,2306,2633,2257,1967,1988,1985,1674,1395,1417,1179,932,931,754,450,419,336,280,142,45,74,24,27,6,0,0,0,0,0
0,0,0,7,1,6,3,25,41,65,92,102,176,325,421,455,603,738,919,782,1115,1071,1407,1116,1667,1517,1863,1981,2147,1903,2458,2469,2662,2973,2998,2495,3223,3368,3520,3817,3870,3940,3241,3609,4192,4108,4683,3859,3983,4169,4796,5106,4457,4907,4210,4361,4715,4476,6054,4626,6106,4653,5058,5789,6174,6635,6363,6553,5695,6074,6816,7437,7384,7982,6495,6166,6693,6812,6810,6749,6364,5037,5646,5699,5758,5178,4851,4793,4183,4079,3885,4205,3517,3382,3196,3263,3061,2551,2814,2198,2059,2214,2034,1912,1776,1444,1246,1026,883,663,461,604,335,286,160,115,61,43,21,11,1,0,0,0,0
0,0,0,3,4,7,10,40,46,91,107,163,200,405,463,520,815,751,756,992,1147,1392,1299,1452,1293,1940,2224,1885,1830,2361,2753,2707,2832,2393,2985,3463,4005,3807,4144,2936,4608,3691,4680,3977,4608,4170,4718,4040,4328,4874,4507,4670,3924,4921,4520,4639,5104,4973,4461,4572,4682,5226,5744,6119,4942,5180,5938,6305,6947,6104,6856,5107,5476,5563,6854,5486,6166,4950,5185,5787,5759,6393,6131,6178,5006,4516,5206,4843,5251,4704,3765,3708,3900,3664,3689,2942,3081,2816,2612,2300,2421,2247,2038,1695,1763,1412,1367,1231,837,851,589,516,375,301,172,85,107,44,49,18,2,0,0,0,0
0,0,2,3,4,9,11,42,66,113,100,222,239,429,487,799,640,814,893,1152,1295,1235,1354,1475,1983,1774,2161,1498,2721,2648,3028,2289,2837,2829,3997,3170,3460,3230,4038,4331,4827,3496,3593,3695,4306,3944,5101,4089,4605,3690,4349,4131,4751,4461,4454,4263,4828,5073,3926,5943,4607,4866,4448,5084,5664,5744,5997,6946,5236,5394,6602,6348,6430,6731,6416,6147,7138,6343,7623,5849,6161,5297,5556,5378,5666,5441,4549,4816,4424,4203,4457,4406,3591,3722,2956,3272,3119,2877,2773,2524,2541,1968,2257,1837,1629,1362,1708,1168,1013,767,581,700,453,358,210,157,81,72,34,8,4,0,0,0,0
0,0,2,2,4,22,18,86,61,134,163,251,276,417,579,632,760,894,953,1006,1693,1189,1574,1625,1796,1575,2219,2093,2258,2438,2629,2549,3224,3295,3238,3113,3855,4016,4127,3359,4079,3653,5198,4234,5685,4121,4844,4133,5022,4252,4798,4402,4614,4528,4757,4363,4174,5153,4721,4460,4775,5028,4613,5740,5072,5395,5457,5198,6112,8119,5946,5678,6513,5959,6682,7135,6477,5116,5827,5811,6347,5665,6455,5082,5850,4227,5004,4801,4873,4012,4089,4069,3981,3625,3474,3120,3099,3030,2548,2581,2258,1999,1722,1748,1776,1365,1503,1157,1148,810,686,476,428,399,197,195,115,48,57,38,10,0,0,0,0
0,0,2,8,2,28,30,79,75,141,151,246,464,427,671,751,940,832,1230,1156,1480,1359,1666,1631,2146,1856,1990,1998,2604,2470,3125,2699,3377,2939,3592,2757,3874,3208,4539,4023,4505,4187,4326,4050,3792,4120,5422,4008,4572,3895,4580,4372,4177,4611,4196,5117,4521,4438,4126,4982,4169,4443,4860,4792,4373,6120,5513,5976,5391,5609,5312,7141,6357,6462,6431,5469,6828,6977,6737,6238,5259,5885,5104,5117,6224,5428,4915,4338,4939,4334,4635,3652,3405,3606,3613,3169,3634,2899,2959,2846,2266,2414,2419,1733,1825,1751,1440,1217,1294,842,739,591,456,376,270,139,118,67,38,19,14,0,0,0,0
0,0,1,13,0,19,26,72,81,146,167,347,309,712,533,665,849,860,1399,1091,1182,1576,1910,1942,1910,1946,2143,2327,2617,2340,2748,2881,3491,2661,3383,3163,3752,3888,4377,4101,3692,4322,4658,4246,5501,3800,5239,3929,5147,4233,4555,4066,4355,4209,4541,3412,4028,3746,5199,4705,3601,3633,4697,4107,4695,5463,4785,4751,5714,6048,5654,5306,6709,5895,6724,6347,5421,5960,5084,5897,6394,6362,5340,5095,4505,4316,5764,5000,4704,4487,4440,3580,4983,2949,3666,3769,2893,2976,2778,2427,2714,2196,2093,1914,1690,1437,1535,1221,1195,953,823,497,491,325,301,207,112,59,68,35,13,2,0,0,0
0,2,1,11,10,29,40,120,82,200,205,281,478,547,757,767,1129,1138,1405,1083,1494,1690,1882,1648,2021,2068,2666,2333,2395,2425,3155,3166,3310,2898,3465,4345,3581,3708,4063,3462,4820,4532,4644,3852,4686,4677,4943,5211,5076,4336,4808,3669,4304,3764,4300,4157,3724,3505,2694,3716,3315,4029,3318,3256,4803,3298,5315,4696,5652,5387,5642,5711,5609,5168,5232,6302,5797,6479,6198,5655,5559,5349,5557,6129,5822,5359,4552,4551,4759,4495,4182,4118,4003,3719,3378,3549,3542,2939,2945,2415,2788,2394,2076,1820,2083,1657,1450,1267,1134,1078,808,595,563,380,370,163,139,68,52,39,23,2,0,0,0
0,1,5,8,10,31,18,120,135,171,213,368,499,503,787,769,1010,1150,1106,1483,1487,1513,1456,1978,2150,1818,2588,2198,2788,2775,2859,2604,3693,3147,3761,3425,3931,3616,4196,3943,4169,3952,4720,4699,4224,5312,3869,4310,4262,3465,5266,4209,4633,3385,3915,3135,3227,3438,3907,2761,2914,2739,2459,3844,3536,3559,4185,4168,4308,4367,5312,5676,6182,6167,6177,5208,5703,5277,5463,5346,5721,5457,5443,4838,4941,4864,4942,5175,4668,3942,4554,4059,3987,3293,3884,3176,3360,2773,2811,2509,2534,1928,2483,2050,1804,1572,1751,1204,1318,1011,868,720,594,358,356,204,158,66,71,28,15,1,0,0,0
0,2,2,13,7,43,55,118,121,210,338,450,522,573,878,916,1296,1130,1690,1272,1665,1679,2278,1563,2665,2098,2438,2508,2895,2192,3502,3278,2968,3418,3563,4133,3692,3932,3841,3996,4586,4777,4995,4296,4330,4487,5100,3960,6157,3887,4538,3441,4339,2808,4334,3724,3259,2495,2173,2629,2637,3209,3598,2151,2471,3049,2760,3549,4647,5198,4880,4992,5614,4590,5374,6069,5870,5749,5933,5077,5306,5151,5539,4647,5970,4162,4842,4540,4545,4750,3909,3921,3995,3467,3892,3337,3194,3073,2690,2940,2469,2390,2207,2062,1857,1711,1446,1221,1162,922,877,582,549,427,347,174,195,39,79,38,24,8,0,0,0
0,1,2,38,5,43,50,93,191,194,289,384,540,545,803,880,1084,1068,1229,1542,1910,1653,1863,1922,2214,2409,2442,2539,2755,3076,3294,3027,3034,3348,4021,3409,4074,3189,4453,4537,4892,4148,3905,4535,5604,4484,4596,3950,4279,3662,5078,4209,3897,3583,2710,2057,2351,2195,2576,2034,1776,1873,1473,2277,2209,2640,2785,2430,3015,3106,4205,5162,4401,5487,5522,4875,5382,5373,6171,5291,6155,4836,4341,5093,4849,4907,5045,4062,4934,4171,4082,4151,3470,3920,3545,3257,3452,2740,3216,2453,2709,2177,2346,1929,1923,1530,1603,1456,1236,1014,1036,635,726,404,370,224,234,93,75,38,15,4,1,0,0
0,7,3,28,5,28,92,116,185,179,379,399,555,724,966,938,1284,1242,1551,1619,1707,1586,2177,2149,2319,2401,2438,2567,3288,2789,3174,3320,3328,3346,4366,3511,3676,4780,4066,3855,3893,4342,5011,4249,4504,3484,3814,4798,4305,4373,4238,2742,3421,2411,3157,2824,3107,1735,2008,1136,1513,2271,1692,2015,1898,1766,1922,3045,2966,3289,3385,4062,4742,4498,5282,4818,5415,4903,5137,5105,5147,5707,5819,4956,4950,4429,4946,4082,4270,3854,4203,3428,3932,3327,3644,3672,2996,2898,2880,2661,2445,2583,2297,2185,2190,1553,1625,1364,1048,949,988,689,514,376,381,201,200,48,87,47,41,4,0,0,0
0,7,4,25,7,42,63,96,123,214,288,422,552,585,1084,887,1121,1114,1501,1324,2004,1769,2142,2052,2366,2263,2918,2612,2596,3053,2636,3417,3494,3146,3246,4289,4025,4024,3866,3643,4780,4206,4720,3825,4947,4829,4795,4444,4233,3542,4147,3432,3768,2623,2375,1778,1805,2257,1813,1155,958,906,927,1187,2337,1700,1709,2149,1772,2396,3085,4003,3894,4327,4048,3917,4415,4489,5143,5123,4882,4706,4735,4899,4963,5047,4600,4505,4600,3935,4608,3836,4161,3734,3644,3133,3363,3117,2682,2728,2724,2255,2393,1940,1975,1708,1756,1156,1374,1018,940,703,562,439,411,193,210,106,70,28,21,8,1,0,0
0,7,3,13,8,71,76,118,234,131,459,444,654,757,892,1048,1256,1259,1641,1702,1838,2024,2034,2304,2692,2353,2977,2748,3105,3111,3615,2670,3674,3778,3958,3346,5003,3526,4523,3941,4671,4178,4906,4707,4451,4482,4086,4164,5357,3133,4062,3018,2258,2285,2922,2476,1919,1079,1176,719,1043,961,1255,830,930,1316,1400,2099,2084,2118,1993,2879,3794,3939,4586,4735,4408,4865,4576,4278,5271,4759,5467,4254,4847,4927,4088,4929,4122,3724,3943,3426,4236,3478,3540,3369,2995,3051,3018,2712,2772,2304,2305,2076,1774,1482,1580,1294,1361,901,912,760,579,417,313,285,259,54,89,37,37,4,1,0,0
1,10,7,23,10,46,147,124,166,231,304,510,584,749,967,880,1235,1080,1582,1343,1842,2023,2201,1993,2590,2046,2980,2534,2815,2896,3272,3379,3499,3678,3964,4060,3962,4347,3780,4135,4447,4871,4365,3919,4798,4093,4579,3808,3477,3187,3368,2828,3430,2257,2566,1655,1368,1042,1213,869,576,574,580,695,714,857,1243,1210,1578,2166,1579,2834,3299,3239,4508,3494,4756,4002,5141,5281,3814,4870,4984,4584,5755,4095,5016,4022,4158,4255,4134,3904,3273,3787,3515,3083,3512,2783,3270,2778,2614,2463,1963,1902,1760,1841,1683,1185,1475,963,874,608,667,429,367,255,228,105,76,27,29,12,5,0,0
0,11,2,24,29,38,107,146,193,242,313,537,659,727,994,1002,1292,1434,1411,1773,2094,1948,2409,2175,2392,2706,2721,2841,3376,3363,3836,3227,3412,3650,3677,3565,3871,3620,3961,4146,4995,3670,4498,4034,4818,4379,4059,4227,3928,3827,3576,2096,2635,2309,1842,1412,977,621,839,434,561,375,262,405,275,567,612,1210,1703,1471,1753,1668,2602,3739,4173,4107,4648,4259,5118,3970,4852,4330,4142,5044,4309,4202,4704,3565,5137,3910,3506,4041,3999,2958,3808,3293,3321,2762,3150,2444,2776,2465,2521,2046,1908,1457,1699,1516,1194,1078,999,692,582,492,346,314,246,75,115,43,34,5,2,0,0
0,7,13,18,24,55,111,156,183,269,344,415,788,695,1029,1019,1015,1291,1363,1402,1776,1871,2303,2281,2484,2557,2617,2826,3268,3001,3400,3453,3920,3310,4028,3637,3774,3818,5224,4227,4214,4734,3915,4213,4544,3994,4654,4212,4151,3535,3086,2445,3041,2431,2376,1256,785,874,592,631,401,198,291,297,528,364,381,1040,1265,1751,1793,1845,3120,2750,3385,4065,3752,4330,4509,4463,4520,4079,5218,4113,4884,4321,4148,4102,4371,4205,5169,3125,4000,3911,3167,3288,3133,2763,2795,2671,2513,2383,2199,1711,2183,1621,1387,1496,1277,928,972,639,584,429,403,267,250,94,85,20,52,15,2,0,0
1,13,7,14,29,53,95,189,211,236,383,486,800,653,1168,978,1420,1228,1830,1603,2303,1948,2369,2361,2823,2552,3170,2850,3104,3207,3483,3861,3471,3790,3838,4057,4494,4167,3606,4583,4558,4337,4541,4043,4239,4310,4067,3830,4215,3514,2969,2762,2258,1790,2268,846,1175,452,624,383,87,23,95,100,223,199,377,822,1271,1507,1272,1896,1867,3017,3854,3388,4238,3088,4309,4619,4877,4244,4215,4023,3777,4579,3622,3547,4175,4144,4093,3645,3589,3094,3661,2879,3324,2744,3187,2763,3104,2244,2361,2086,1803,1666,1659,1258,1241,1048,952,530,625,380,345,346,168,78,93,31,51,4,2,0,0
0,13,7,16,31,52,117,129,183,249,436,407,685,705,965,1141,1175,1308,1705,1793,1633,2129,2134,2507,2707,2822,2856,3142,3300,3321,3874,2991,4222,3857,4187,3737,4747,4204,4252,4351,4851,3712,4853,4205,4591,4715,3965,4264,3809,3786,3089,2480,2552,2170,1814,1076,846,957,786,381,51,0,4,211,130,334,247,411,1139,1549,1488,1543,2510,2842,3022,3450,3668,4311,4084,3820,3972,4572,4378,4240,4551,3298,4325,4299,4139,3603,3933,3910,3474,3370,3431,3409,3035,2553,2998,2714,2158,2009,2307,1683,1916,1544,1321,1346,1226,938,968,521,713,370,388,272,226,92,66,23,40,5,1,0,0
2,11,6,16,30,69,115,122,194,315,474,528,776,905,983,1026,1528,1465,1603,1796,2125,2075,2367,2268,2931,2716,3167,2773,3491,3140,3476,3801,3897,3414,3765,4191,3883,4146,4252,3780,4329,5262,4305,4852,4549,3933,4768,4116,4121,3240,3275,2374,3608,1975,1737,1522,832,1020,1039,491,305,78,132,307,280,312,350,709,1039,1416,1490,1471,2252,2658,3283,3084,4124,4105,4028,4409,4531,3622,4920,3957,3166,4347,4079,3954,3741,3975,3830,3319,3670,3356,3067,3379,2726,3046,2710,2292,2822,2242,1941,2243,1922,1390,1653,1279,1022,1135,851,634,633,345,375,241,161,108,77,27,35,6,0,0,0
0,18,8,21,16,53,113,176,155,247,395,514,632,893,774,1266,1362,1219,1701,1733,1802,1796,2433,2247,2748,2640,2997,2980,3204,3404,3337,3860,3325,3542,4708,4140,3799,4306,4608,5025,4234,3867,4626,3842,5779,4006,4498,4265,3558,4237,3502,3210,2637,2083,1968,1192,1466,727,864,544,229,218,252,265,354,163,346,853,928,1296,1570,1721,2277,2690,2970,3539,4194,4239,4220,4645,4037,4397,3527,4526,4563,3710,4326,4185,4017,3493,3312,3584,4011,3181,3105,2923,3165,2966,2704,2435,2396,2094,2256,1880,1716,1738,1442,1135,1223,876,794,884,488,370,369,218,173,118,63,32,39,11,0,0,0
2,10,4,18,27,95,110,157,230,236,466,479,661,796,1086,964,1502,1600,1911,1660,2102,2181,2221,2532,2733,3141,3367,2816,3626,3231,3595,3085,4470,3504,4292,4367,4221,3750,5110,3910,4847,4635,4836,4393,4618,5428,4545,4377,4523,3538,3477,3214,3137,2612,2885,1666,1319,830,997,762,475,467,229,274,279,515,785,1136,1335,1484,1555,1756,2229,3270,4090,3281,4127,3594,4418,3713,3912,4085,4796,4157,4500,3728,3884,3808,4605,3677,2890,3775,3024,3618,3254,2892,3441,3004,2384,2768,2292,2275,2029,2006,1810,1681,1489,1114,1073,961,742,685,653,331,446,153,226,109,78,35,37,20,0,0,0
2,8,5,15,16,50,127,161,237,208,433,470,828,655,1075,969,1530,1187,1889,1465,2056,1970,2291,2366,2625,2478,2933,3378,3180,2684,3957,3712,3817,4791,3475,4061,4503,4134,4575,4002,4803,4097,5120,4795,4433,4379,4557,3972,5274,3097,4556,2934,3737,2544,2496,2221,1551,1344,1411,1095,784,724,721,655,606,740,997,811,1286,1685,2069,2190,2300,3016,3283,3490,3665,3865,4005,4108,4218,4277,4155,4319,3913,3909,3715,4416,3905,3463,4426,2961,3496,3852,3213,3174,3129,2456,3047,2205,2304,2159,2354,1682,1963,1548,1361,1340,964,888,791,684,533,300,273,251,151,112,46,38,26,6,0,0,0
1,5,7,32,18,64,87,135,166,216,460,436,747,701,1021,1232,1134,1702,1579,1759,2022,2191,2694,2408,2772,2681,3489,2868,3413,3293,3367,3684,4336,3440,5053,3649,4454,4004,4714,4945,4601,4307,5047,4060,5591,4625,5344,4965,4528,4784,3300,3095,3554,2922,3147,2807,2449,1492,1343,833,1259,826,950,506,683,1153,1482,1281,1208,1824,1388,1981,3497,2546,3373,4543,3784,4235,4427,4128,4777,3949,4058,3976,4124,4418,3853,3538,3884,3692,3353,3188,3411,2799,3563,3198,2110,3172,2533,2181,2281,2127,1845,2052,1876,1435,1435,1189,1055,946,943,501,605,396,263,232,199,89,51,35,13,7,2,0,0
2,5,3,31,12,51,86,114,174,237,458,387,774,630,958,1026,1286,1428,1405,1744,1992,1711,2487,2111,2418,2692,2749,3010,3302,3404,3239,3418,4419,3490,4052,4098,4675,4296,4828,4247,4394,4964,4686,4915,4702,4213,4923,4467,4136,4863,4912,4176,4311,2980,2980,2741,3085,1734,2129,1747,655,1203,871,1423,1415,1612,1325,1732,1742,1853,2400,2846,2965,4218,3555,3498,4381,4061,4239,4392,4543,3612,4099,4621,3888,3717,4163,3131,3666,3859,3567,3396,3329,3395,3147,2992,2981,2291,2379,2505,2340,1743,1904,1865,1609,1477,1283,1154,1161,803,817,667,483,328,334,223,136,60,50,38,22,3,3,0,0
1,6,9,19,10,68,58,162,175,248,361,570,609,724,1168,951,1602,1056,1829,1576,2116,1867,2477,2506,2644,2376,3208,2786,3463,3056,4098,3218,3875,4512,3539,4113,4045,3923,5361,3850,5421,4802,4999,4713,4944,5514,5646,5192,6323,3717,5572,3787,3991,3635,3668,3060,2611,1963,2187,1655,2023,1469,1820,1562,1502,1756,1867,1887,2289,2062,3311,3136,3693,4401,3793,4484,4358,3575,4583,4604,4358,4592,3692,3923,4188,4080,3837,4416,3768,2990,3955,3279,3351,3256,3229,2928,2993,2276,2710,2430,2112,2141,1937,1871,1459,1547,1284,1090,1214,720,823,495,490,361,201,220,168,99,37,29,4,3,0,0,0
0,3,5,12,23,63,108,125,134,195,414,489,652,646,1164,927,1418,1205,1574,1657,1983,2227,1735,2178,2877,2516,2869,2817,3477,3495,3662,3709,3581,3524,4490,3649,4899,3922,4582,4939,4747,4756,5413,5252,5098,4930,4925,4121,5164,5618,5195,5616,4948,3737,3932,4074,4145,2889,3501,1949,2278,1729,1855,1748,1934,1962,1777,2770,2233,2841,2929,3772,3885,3105,3363,4847,4385,4712,3958,3925,4486,3718,5364,3792,4161,4282,4207,3617,3474,3521,3649,3353,3290,3133,2856,2662,2733,2757,2118,2222,2261,2019,1948,1629,1296,1670,1354,1088,924,814,787,517,489,251,233,251,141,107,48,25,9,7,0,0,0
1,5,7,10,6,39,61,128,163,182,342,452,639,600,965,1045,1308,1331,1639,1672,2127,2009,2382,2036,2991,2530,3007,3076,3214,3184,3916,3554,3935,3661,4778,4232,4784,4157,4640,5164,5315,4284,4931,4464,5941,5743,6076,5073,6101,4332,5491,4752,5115,4942,4758,3401,3674,3193,3549,3283,2512,3115,1924,2262,1794,2312,2816,2668,2599,3279,3371,3594,3943,3862,4201,4086,3859,3910,4363,4567,4717,4836,4124,4028,3865,4027,3278,4139,3237,3707,3540,3350,3049,2909,2864,2850,2764,2354,2438,2429,2051,1714,1901,1620,1713,1089,1473,1351,1046,639,800,669,416,343,164,269,173,91,29,15,9,0,0,0,0
0,1,7,13,13,38,64,119,120,231,277,511,545,667,908,1040,1224,1227,1562,1339,2189,1763,2221,2222,2177,2968,2802,2542,3228,2834,3682,3380,4230,3679,4413,4729,4319,4756,4453,4099,5527,4772,5240,6003,5749,5341,5292,5104,6066,5884,6272,5120,6261,4602,5585,4829,4733,3904,3764,3150,2918,2479,2757,2639,2931,2418,2583,2641,3602,3627,3908,3982,4202,4227,3969,4898,5138,5562,4063,4829,4344,4175,4684,4655,3520,4133,4372,3376,4094,3060,3533,3485,3241,3020,2452,2730,2301,2836,2557,1928,1891,2314,1466,1579,1119,1231,1363,944,843,860,593,561,316,344,149,195,116,42,27,18,8,3,0,0,0
0,2,3,12,6,36,43,116,119,263,182,440,515,598,1050,835,1459,1118,1718,1541,1742,1842,2343,2433,2373,2257,3459,3007,3517,3171,3052,3622,3698,4339,4213,3940,5163,3534,5477,4654,5025,5686,5667,4846,6036,5589,7051,6060,6722,5389,6481,6461,6803,6096,5258,4821,5205,4751,4393,4194,3748,3353,3704,3168,2973,3968,3766,4025,3929,4453,4231,4316,4184,4696,4665,4531,4440,3943,4252,4351,4748,4645,4012,4724,3625,4357,3674,3545,3575,3110,3320,2945,3203,3070,2708,2581,2637,2040,2289,2055,2228,1511,1854,1438,1579,1254,990,1082,850,780,606,544,257,311,183,123,98,65,26,17,4,3,0,0,0
0,2,3,9,12,37,59,89,143,239,214,375,590,619,920,915,1125,1349,1638,1437,1635,1709,2584,1953,2949,2052,2788,2937,3253,3377,3213,3107,3931,3828,4338,4177,4470,4996,4719,5040,4855,5277,6240,5655,6263,5001,6133,5666,6418,6748,5793,5340,6115,5254,6330,5140,5964,4572,4813,4534,4113,3937,3912,3871,3750,3954,4748,3697,4441,4304,3612,4639,4487,4205,4646,4291,4095,5380,5469,4716,3939,4275,3747,5372,4218,3540,4160,3914,3446,3904,3044,3003,3173,2976,2895,2078,2394,2329,2177,2028,1885,1792,1633,1456,1481,1131,939,1003,790,833,373,457,339,312,205,154,53,51,31,13,10,1,0,0,0
0,1,2,11,6,18,31,113,128,132,228,379,450,780,616,1034,1016,1285,1661,1442,2073,1655,2162,2117,2727,2438,2825,2894,3631,2796,3786,2973,4333,3676,4162,3854,4468,4388,5701,4917,5391,4711,6062,5412,6112,5777,6405,6025,6402,5703,6068,6769,6857,5226,5977,5424,5280,4952,5014,5030,4895,4728,4317,4801,4115,4092,4181,5059,4607,5050,4236,4670,4428,5289,3844,5018,4752,4020,4920,4450,4864,4501,4345,3845,4162,3530,3719,3284,4037,3052,3010,2992,2644,3042,2354,2543,2137,2567,2000,2114,1636,1540,1442,1558,1258,1406,942,866,941,668,406,461,275,281,198,100,60,29,35,7,3,1,0,0,0
0,2,4,11,5,24,26,116,84,185,176,362,413,717,679,801,1267,1075,1526,1442,1651,1743,1946,2120,1914,2360,2744,2629,3335,2691,4012,3440,3515,4351,4025,3987,4583,3815,5594,3801,5554,4973,6187,6108,5239,6238,6681,5767,8074,5248,7077,6484,6410,6987,6374,5399,6306,6164,5056,5739,4972,5164,4673,4402,4229,5415,4289,4685,4339,4260,3929,3791,4869,5101,4579,4707,5021,4531,4733,4461,4398,4458,3962,4191,4269,4367,3325,4022,3312,3905,2929,3403,2757,2810,2577,2960,2150,1951,2477,1972,1524,1451,1411,1496,1236,1009,819,892,630,692,441,386,285,298,125,123,50,22,33,11,4,0,0,0,0
0,0,4,8,5,19,15,104,72,216,152,260,444,505,790,794,995,1273,1132,1527,1882,1705,2161,2024,2735,2249,3058,2406,3120,3679,3526,3257,4286,3297,4997,4078,4784,4237,4497,5070,5672,4946,5827,4738,6430,5210,6782,5419,6294,6006,6172,5852,5987,6102,6726,5726,6532,6372,5845,4808,4760,4554,4934,5183,4242,4566,3741,4359,4459,5005,4594,4994,4561,4303,4617,4282,4204,4459,3975,4608,4911,4445,5194,3739,3633,3407,3823,3260,3267,3284,2896,2763,2750,2651,2698,2447,1811,2306,1664,1723,1562,1614,1251,1153,1096,1323,775,928,637,580,442,311,333,162,188,73,66,19,12,14,5,1,0,0,0
0,0,3,2,14,6,28,38,132,130,187,216,437,521,636,912,781,1162,1150,1296,1629,1743,2180,1637,2133,2556,2605,2748,2887,2567,3941,3415,3237,3289,4327,4373,4991,4303,4543,4513,5310,5056,5756,5365,6555,5827,6360,5904,6231,5905,6863,6548,7416,5921,6927,6092,5345,5548,5510,6162,5278,5954,4709,5065,5498,4946,4556,5039,4441,4778,4365,4422,4626,4810,4964,4340,5172,4096,4147,4613,4228,3756,3804,3849,3723,4345,3480,3683,2684,3610,2609,3207,2677,2601,2014,3011,2324,2061,1878,2200,1405,1443,1159,1128,1120,1072,882,729,518,596,352,292,226,198,117,57,29,20,18,15,4,0,0,0,0
0,0,1,5,4,13,7,47,64,175,134,228,213,668,599,714,941,809,1489,1171,1832,1602,1948,1980,1955,2299,2661,2927,3043,3148,3571,3101,3864,4235,4183,4126,4055,4721,5027,4398,6122,4613,5244,6064,5802,6227,6478,5863,7857,6301,6832,5824,5798,6808,6748,6293,6291,6147,6057,5131,5619,5173,5669,5350,5406,5110,4667,4489,5087,4755,4502,5022,4521,4022,4865,4932,4503,4751,4556,4652,4271,4973,3747,4390,3542,3452,2835,3559,3048,3181,2999,2538,2464,2750,2277,1967,1848,2060,1682,1552,1543,1419,1150,1373,748,1076,602,724,574,445,228,366,243,147,88,33,23,16,18,5,6,0,0,0,0
0,0,1,1,11,12,18,33,52,106,133,213,221,426,611,560,898,918,1121,1528,1299,1602,1480,1761,2709,1649,2767,2275,3155,2918,3128,3369,3269,3348,4352,3813,5384,3857,5504,5224,5382,5846,5282,5760,6730,6426,7051,5752,6219,5975,6962,7075,5793,6892,6055,6706,5546,5824,5882,5783,6473,5673,6000,4887,5243,4960,5754,5118,5580,4561,4775,4979,4362,4666,4575,4439,4025,3880,3960,3740,3941,3839,3456,3583,3318,3937,3060,3554,3293,2680,2711,2768,2622,2566,1813,2559,1993,2088,1302,1862,1415,1302,1088,1134,953,924,612,674,427,408,287,229,216,142,91,27,37,14,20,3,0,0,0,0,0
0,0,0,2,4,10,5,31,62,106,141,152,216,382,584,776,622,1047,1122,1317,1262,1433,1877,2038,2181,2491,2349,2665,3449,3216,3411,2711,3540,3576,4336,3625,4212,5034,4831,4736,5374,4588,5400,5446,6376,6033,6119,6274,6692,7003,6262,6150,7056,5048,7227,5301,5960,6231,5868,5565,5690,5805,5159,5140,5560,4855,4877,4601,4568,4448,4390,4692,4518,4689,4377,4358,4903,4583,4456,4181,4380,3462,4401,3954,3814,3288,2750,3146,3145,3136,2166,2733,2290,2164,2145,1965,1637,1766,1577,1571,1227,1153,1069,923,896,609,595,564,450,381,296,197,227,135,69,18,38,24,2,2,0,0,0,0,0
0,0,0,2,3,4,36,7,63,79,146,147,133,398,270,777,642,736,1189,1145,1351,1208,1698,1912,2093,2040,2252,2498,3009,2844,3186,2980,4123,3807,4425,4260,3799,4237,5225,4662,5647,5423,6279,5385,6470,5569,5910,5993,5465,6101,6634,5576,6071,6276,5867,6756,6744,5436,6239,6084,5970,6491,4920,5169,4957,5352,4934,5333,4681,4934,4524,5492,4888,4458,4422,4055,3951,3642,3560,4855,3708,3582,3553,3275,3365,3349,2853,3328,2875,2203,2582,2411,2618,2191,1902,1742,1684,1698,1690,1303,1128,1184,1155,1016,769,850,435,630,469,282,241,181,166,82,45,22,28,26,3,6,0,0,0,0,0
0,0,0,0,9,4,11,10,15,55,109,183,127,277,380,410,791,676,1059,1175,1149,1428,1494,1984,1920,2117,2370,2236,3154,2683,3175,3401,2918,3570,3940,3637,4435,4202,5488,4766,5265,5114,5544,5354,5781,5853,6725,5966,7374,5517,6790,6659,7147,6627,5146,6088,5306,7404,6057,5867,5672,5383,5269,6607,4726,5221,4622,4984,4382,4862,4545,4160,3646,4374,4230,4894,4218,4444,3749,3781,4299,3318,3322,3728,3221,2955,3206,2932,2542,3507,2672,2249,2089,2330,1993,2379,1606,1610,1422,1482,1357,996,1046,990,804,683,495,391,413,277,238,114,162,66,46,22,15,14,6,1,0,0,0,0,0
0,0,0,0,1,2,8,13,25,53,72,83,183,135,356,414,470,730,976,927,1202,1258,1452,1606,1927,1758,2383,2480,2419,2891,3035,2919,3900,3215,3871,3686,3910,4029,4156,4615,4717,4946,5451,5028,6003,4811,5996,5832,5435,7102,4906,6250,5955,5629,6895,6670,6519,5522,5221,5536,5545,5405,5831,4225,4820,5249,4971,5454,4740,4341,4541,4590,4191,4632,4327,3973,3802,4208,3967,4321,4469,3658,3687,3607,3035,3219,2903,2963,2820,1936,2150,2395,2133,2145,2030,1485,1432,1422,1123,1378,1087,882,1062,890,618,678,448,471,356,298,192,187,114,73,21,25,5,10,6,0,0,0,0,0,0
0,0,0,0,0,2,5,8,17,21,98,91,130,249,157,500,340,705,745,1009,1166,1206,1754,1507,1812,2061,2202,2463,2506,2467,2804,3100,3201,3387,3223,4389,4233,3716,4323,3992,4941,4586,5704,4938,5711,5985,5079,5817,5613,5609,7088,5960,6758,6087,5635,4963,5500,6067,6103,6022,5341,5940,4966,5768,5446,5123,5362,4561,4606,5078,4796,4321,4530,4553,4185,4347,4194,4048,3646,3830,2485,3676,3327,2956,3732,3057,2488,3091,2390,2737,2826,2519,1988,1926,1889,1696,1884,1568,1318,1293,1130,1196,793,691,677,514,485,327,316,173,172,139,78,50,16,16,16,3,0,0,0,0,0,0,0
0,0,0,0,0,4,5,7,15,13,56,137,112,188,269,277,451,553,707,983,1031,1027,1169,1713,1469,1770,1858,1776,2619,2194,2811,2730,3266,3612,3316,3434,3292,4091,4306,4585,5475,4953,4599,5604,4795,6584,5022,6664,5820,5789,5899,6367,5383,6168,6365,6551,6067,5607,5395,5248,5908,5047,5348,4894,4849,4579,5057,4948,5374,3968,4999,4241,3978,4662,4420,3657,4071,3790,3525,4224,4055,3565,3219,3465,2693,3048,3058,2786,2732,2244,1730,1925,1921,1720,1730,1719,1292,1270,1332,1241,1142,888,744,759,558,480,448,298,278,198,134,96,70,47,18,21,11,3,0,0,0,0,0,0,0
0,0,0,0,0,1,4,15,6,30,19,57,100,78,231,231,363,524,511,1008,865,1235,1172,1444,1825,1618,2181,2180,2177,2475,2672,2921,2811,3014,3243,3194,4314,3181,4181,4011,3969,5165,4713,5191,5318,4968,6178,4766,5450,6212,5157,6616,5599,6503,5122,5851,5885,5908,5587,5976,5104,4390,5784,4982,4471,5117,4332,4239,5048,4314,4973,4347,3857,3961,3490,4208,3475,3190,3677,2931,2814,2651,3290,3251,2792,3085,2364,2400,2577,2355,2336,2447,2005,1949,1561,1591,1555,1434,1155,1051,932,721,1023,517,610,423,364,325,290,129,133,135,30,40,18,12,7,2,0,0,0,0,0,0,0
0,0,0,0,0,0,2,7,9,11,32,47,135,79,211,236,253,412,475,607,780,936,1655,1128,1311,1925,1762,2309,2028,2090,2670,2913,2847,3250,3243,3420,3334,4259,4089,4050,4555,4626,4431,4399,4502,4902,4562,6420,6015,5886,5248,5395,5495,5962,5983,5703,5128,5492,5081,5527,5410,6133,5144,4266,4874,3847,5316,4806,4228,4712,3904,3568,4638,4779,3996,4297,3529,3820,3990,4039,3718,4082,2830,3045,2682,2695,2901,2650,2278,2526,2046,1563,1904,1688,1807,1348,1578,911,1200,1046,885,753,550,550,445,350,323,234,140,167,85,65,44,8,18,8,2,0,0,0,0,0,0,0,0
0,0,0,0,0,0,2,0,7,3,25,45,55,145,93,156,271,251,526,643,891,957,1028,1375,1475,1450,1667,1981,2120,2148,2203,2542,2381,3007,2949,3257,3223,3716,3422,3944,4012,4195,4570,5527,5468,5299,4735,5031,4781,4994,6046,5160,5866,5477,5402,5876,5908,4803,5666,5267,4453,5534,4117,5742,4716,4479,4069,4134,4316,4505,4879,4870,4352,3524,4146,3620,4285,3385,3739,2851,3193,2921,2889,3285,3120,2465,2478,2067,2405,2020,2391,1874,1774,2112,1274,1631,1447,1171,1001,1060,830,777,623,601,370,352,265,210,173,120,84,58,46,5,14,5,2,0,0,0,0,0,0,0,0
0,0,0,0,0,0,0,4,5,13,7,28,38,76,109,144,252,190,354,601,650,796,929,1130,1265,1489,1849,1593,2274,2166,2248,3052,1973,3140,2488,2978,3823,2944,4051,4194,3723,4823,4198,4671,4519,4762,5770,4768,6508,5475,5275,5001,5471,5671,5157,5737,4933,5645,5469,5381,4952,5435,5654,4578,4309,5241,4428,4195,4171,4524,3452,3697,4135,3986,4014,3850,3323,3073,3029,3337,3005,2975,2901,2478,2718,2832,2722,2498,2429,1946,1810,1975,1433,1649,1304,1451,1091,960,1123,707,883,651,604,434,439,229,266,166,106,66,70,32,29,16,8,7,0,0,0,0,0,0,0,0,0
0,0,0,0,0,0,0,0,5,4,13,12,56,61,118,144,121,364,277,389,548,632,972,871,1196,1185,1507,1787,1719,1912,2133,2174,3007,2230,3611,2512,3143,3801,2799,3629,3688,3670,3910,3727,4891,4127,4771,4966,5041,5262,4923,5156,4828,4607,5510,4915,4942,5128,5777,4311,4559,4427,4292,4386,4822,3942,4460,4306,3905,3894,4234,4591,4161,4014,3712,3381,3270,4277,3576,3410,3424,2700,3246,2821,2928,2349,2225,1979,1836,1925,1915,1605,1776,1367,1388,1307,993,1120,936,850,787,576,538,317,243,345,168,227,112,53,73,30,10,21,5,0,0,0,0,0,0,0,0,0,0
0,0,0,0,0,0,0,0,2,4,7,6,11,51,38,173,113,223,240,384,515,633,747,840,1113,1226,1257,1598,1680,1803,1963,2003,2460,2393,2794,3019,3455,2955,3263,3780,3832,3838,4712,4171,3894,5147,4137,4621,4342,4505,4993,4500,5484,4901,4566,5215,4827,4698,4418,4608,5054,4664,4716,4055,5087,4355,4121,3808,4743,4300,3806,4081,3265,3591,3815,4029,3604,3150,3100,2898,2851,3226,2615,2715,2131,2466,2445,2323,2058,1825,1638,1586,1219,1568,1082,1364,935,875,982,833,565,518,378,267,374,176,185,108,112,45,39,33,10,5,2,1,0,0,0,0,0,0,0,0,0
0,0,0,0,0,0,0,0,4,4,1,26,11,23,71,46,170,100,219,270,406,582,568,946,817,983,1301,1419,1785,1524,2085,2019,2426,2313,2254,2321,2509,2831,3213,2697,3536,3376,3544,3873,3895,4049,4221,4256,5577,5294,5037,4946,4758,4353,5425,4902,5190,4935,5065,5179,4658,4280,4037,4490,4055,4613,4084,3754,3735,3472,3852,4288,3412,3311,2692,3248,3345,2973,2935,3139,2682,2962,2349,2659,2250,2155,2020,1685,1565,1730,1447,1599,1635,1210,1299,999,978,878,751,684,629,438,311,193,191,179,182,96,54,34,35,19,8,9,0,0,0,0,0,0,0,0,0,0,0
0,0,0,0,0,0,0,0,0,2,4,3,19,12,49,58,107,135,125,286,242,432,566,596,835,1056,1021,1223,1276,1962,1533,2219,1934,1942,2695,2388,3036,2862,3006,3343,3587,3367,3428,4013,4095,3418,4359,3721,3851,4474,4448,4826,4114,4562,4340,4321,4256,4745,4812,3783,4354,5282,4606,4110,3881,3591,3491,4277,3829,3569,3556,3217,3131,3347,3584,3399,2649,3073,2563,2620,2832,2239,2341,2141,2022,2174,1645,2138,1696,1848,1557,1179,1359,1062,1126,905,876,912,632,639,511,403,256,348,195,176,133,74,35,39,23,4,13,2,0,0,0,0,0,0,0,0,0,0,0
0,0,0,0,0,0,0,0,0,0,9,3,10,19,12,61,53,117,173,127,340,328,462,639,744,794,1048,1173,1426,1110,1642,1554,1814,2460,2033,2620,2136,3119,2748,3016,2576,3366,3904,2978,3855,3392,3929,4292,3959,4400,4197,4240,4366,4667,4249,4258,4169,4106,4058,5073,4373,3660,4397,4005,3711,4601,4004,3680,3296,3619,2917,3360,3483,3131,3044,3031,2845,3578,3186,2744,2944,2364,2199,1995,2187,1831,2135,1552,1292,1348,1545,1243,1175,962,1019,786,917,599,588,538,314,302,196,193,208,100,97,54,34,24,29,6,9,1,0,0,0,0,0,0,0,0,0,0,0
0,0,0,0,0,0,0,0,0,0,2,7,2,15,18,31,69,58,163,164,175,301,276,557,545,724,801,880,1245,1498,1469,1579,1527,2146,1689,2282,2176,2654,2731,2873,2905,3313,3018,4051,3493,4178,3704,4204,4004,3861,3965,3970,3519,4167,4271,4230,4492,4833,3862,3688,4061,4265,4166,4564,4152,3091,3555,3193,3639,3157,4043,2991,3107,2994,2984,2695,3167,2396,2416,2056,2443,2134,2307,2200,1759,1528,1637,1503,1940,1395,1140,1274,777,1243,790,876,635,674,391,395,300,305,234,133,90,102,59,26,50,24,4,8,4,0,0,0,0,0,0,0,0,0,0,0,0
0,0,0,0,0,0,0,0,0,0,0,8,5,4,14,8,61,59,71,224,83,263,292,318,617,495,998,952,989,1215,1184,1845,1427,1727,2007,1856,2112,2005,2271,2472,2600,3117,2863,3519,2645,3070,3473,3343,3559,3694,3603,4118,3888,4333,4260,3429,3826,4066,3689,4098,4425,4215,3546,3612,3693,3844,3868,3875,3180,2841,2610,2741,2907,3072,3143,2441,2502,2044,2367,2495,2314,1565,1756,1805,1845,2015,1616,1256,1281,1072,1084,1219,851,1112,735,683,503,692,470,264,363,179,190,166,109,123,50,33,23,6,10,6,0,0,0,0,0,0,0,0,0,0,0,0,0
0,0,0,0,0,0,0,0,0,0,0,0,4,2,6,19,10,79,43,94,173,88,343,229,309,549,445,1035,775,1114,1125,950,1701,1490,1800,1865,1788,2631,2187,2617,2154,2299,2739,2392,3413,3031,3303,3732,3559,4123,3168,3990,3255,3315,3808,4171,4168,3719,4206,3327,3264,3306,4056,3847,3449,3159,3747,2579,3231,3474,3134,2525,2816,2387,2389,2308,2821,2584,2354,2307,2179,2453,1881,1743,1551,1493,1224,1471,1019,1253,1193,882,1060,593,754,681,521,521,271,296,264,155,137,99,87,61,13,32,7,11,3,1,0,0,0,0,0,0,0,0,0,0,0,0,0
0,0,0,0,0,0,0,0,0,0,0,0,2,6,0,10,9,16,71,40,130,124,175,299,238,532,337,667,725,736,1240,1147,1327,1446,1327,1698,1676,1899,1998,1870,2794,2344,2997,3068,3136,2766,2963,2763,2605,2908,3583,3212,3342,4336,3318,3787,3321,3412,3420,3574,4176,3813,3472,3047,3868,3128,3422,3173,2949,2743,3218,2822,2952,2949,2655,2588,2079,2200,1995,1945,1598,1579,1708,1473,1509,1530,1454,1222,1029,1044,772,745,931,574,720,393,522,376,261,299,164,184,128,47,60,33,22,21,7,7,5,0,0,0,0,0,0,0,0,0,0,0,0,0,0
0,0,0,0,0,0,0,0,0,0,0,0,0,1,4,1,23,4,49,50,79,155,90,237,218,240,542,363,673,610,776,1175,993,1404,1340,1908,1650,1620,2470,1740,2299,1972,2104,2147,2514,2696,2960,3067,3693,2978,3661,3599,3520,2952,3631,2937,3551,4026,3729,3585,3026,3112,3193,3802,2926,2975,3305,3069,2872,2800,2630,2610,2188,2378,2013,2394,1964,2156,1515,2105,1581,1823,1535,1385,1296,1113,952,1096,1209,864,838,939,507,623,539,415,535,201,241,225,120,134,67,55,42,10,15,3,5,0,0,0,0,0,0,0,0,0,0,0,0,0,0,0,0
0,0,0,0,0,0,0,0,0,0,0,0,0,0,1,2,3,8,3,26,32,62,130,85,318,190,419,416,468,836,577,833,1005,884,1345,1148,1914,1338,1630,2187,1863,2489,2329,2233,2920,2692,2896,2375,2907,2636,2564,2565,3135,2584,3610,3333,3552,2486,2969,2691,2963,3470,2996,2815,2530,2711,2677,2785,2632,2779,2388,2359,2084,2442,1718,2080,1820,1638,1906,1880,1673,1844,1359,1572,1271,1407,1350,1020,932,747,702,816,593,770,367,446,236,292,182,103,144,83,50,58,18,48,17,9,2,0,0,0,0,0,0,0,0,0,0,0,0,0,0,0,0
0,0,0,0,0,0,0,0,0,0,0,0,0,0,0,4,3,6,5,21,49,61,132,111,131,196,155,345,392,404,758,540,1104,905,1160,1180,1437,1595,1521,1767,1829,1591,2256,1899,1688,2387,2443,2528,2264,2965,3140,2537,3650,2765,2877,2622,3170,3346,3073,3120,2801,3079,2502,3083,3348,3081,2403,3070,2379,2481,2581,2873,2463,2151,2241,2049,1984,1756,1786,1451,1268,1392,1377,1115,1062,818,881,843,653,917,701,668,469,405,318,323,243,229,144,157,113,53,44,15,22,7,6,1,1,0,0,0,0,0,0,0,0,0,0,0,0,0,0,0,0
0,0,0,0,0,0,0,0,0,0,0,0,0,0,0,0,2,1,6,6,5,29,33,104,98,211,240,152,315,248,571,625,603,874,738,996,1136,1139,1526,1548,1621,1716,1857,2078,2211,2221,2407,2656,2648,2708,2240,2916,2164,2888,2878,2806,2676,2939,2655,2417,2987,2815,2948,2202,2551,2410,2768,2394,2642,2104,2390,1921,2314,1923,1875,1492,1612,1473,1500,1431,1632,1295,1078,933,963,1005,715,1184,831,505,613,485,388,409,286,172,164,169,96,109,47,35,59,23,12,5,5,1,0,0,0,0,0,0,0,0,0,0,0,0,0,0,0,0,0
0,0,0,0,0,0,0,0,0,0,0,0,0,0,0,0,0,3,4,13,4,27,22,40,97,86,172,216,220,449,252,537,510,759,915,892,1183,954,1106,1390,1201,1499,1189,1697,1672,1660,1782,2016,2102,2167,2359,2594,2803,2415,2210,2817,2227,2306,2424,2908,2601,2091,2675,2401,2526,2014,2436,2067,2281,2262,2228,2042,1683,1521,1629,1486,1626,1464,1208,999,1130,1122,689,1043,845,698,794,635,704,554,602,383,341,286,211,193,221,88,97,65,43,56,14,15,11,1,0,0,0,0,0,0,0,0,0,0,0,0,0,0,0,0,0,0,0
0,0,0,0,0,0,0,0,0,0,0,0,0,0,0,0,0,0,0,4,9,10,23,32,59,79,106,176,172,186,241,314,400,465,549,690,598,1325,852,1381,1390,1234,1737,1460,1475,1781,1752,2034,1848,2553,1959,2103,2049,2468,2185,2403,2484,2453,2134,2161,1978,2619,2324,1915,2241,2122,1930,2142,2243,1670,1967,1955,1820,1923,1645,1676,1440,1412,1561,1395,1356,1015,941,777,805,668,904,490,679,373,324,255,293,254,172,166,100,69,43,54,43,18,11,2,4,0,0,0,0,0,0,0,0,0,0,0,0,0,0,0,0,0,0,0,0
0,0,0,0,0,0,0,0,0,0,0,0,0,0,0,0,0,0,1,4,7,13,16,9,26,35,41,71,129,167,241,190,301,557,502,703,707,588,782,900,986,1299,1200,1646,1381,1828,1504,1672,1421,1653,1827,2159,1861,2042,2008,2269,1647,2198,2136,2068,2032,1824,2007,2310,2032,2127,1652,1900,1745,1806,1763,1834,1471,1595,1602,1267,1346,1195,1112,893,734,792,902,860,852,502,580,469,399,297,344,233,241,216,154,90,60,37,37,33,19,19,8,1,1,0,0,0,0,0,0,0,0,0,0,0,0,0,0,0,0,0,0,0,0
0,0,0,0,0,0,0,0,0,0,0,0,0,0,0,0,0,0,0,0,0,3,2,23,14,32,65,46,81,121,149,239,217,176,278,357,571,756,796,738,800,899,1069,960,1135,1055,1379,1558,1498,1718,1515,1907,1829,1874,1716,2185,2015,1895,1683,2123,1907,2185,1770,1761,1665,1788,1795,1972,1692,1639,1337,1390,1334,1184,1320,1024,1054,987,963,789,960,777,538,532,516,496,437,441,324,320,220,243,131,136,71,60,47,48,22,18,12,17,0,1,0,0,0,0,0,0,0,0,0,0,0,0,0,0,0,0,0,0,0,0,0
0,0,0,0,0,0,0,0,0,0,0,0,0,0,0,0,0,0,0,0,0,0,9,8,18,20,22,65,39,100,126,123,167,212,277,281,381,446,480,541,715,649,919,1008,1217,1287,1289,1170,1580,1219,1458,1340,1636,1533,1415,1313,1659,1546,1922,1435,1535,1793,1634,1342,1867,1532,1365,1381,1258,1285,1444,1388,1291,1284,947,1231,1119,1139,1057,764,683,699,640,734,414,626,199,219,228,306,259,179,133,74,29,71,33,14,22,5,9,1,0,0,0,0,0,0,0,0,0,0,0,0,0,0,0,0,0,0,0,0,0,0,0
0,0,0,0,0,0,0,0,0,0,0,0,0,0,0,0,0,0,0,0,0,0,1,3,6,12,15,18,67,62,68,99,123,159,168,231,305,344,479,369,572,559,636,581,828,773,1034,924,1120,1023,1280,1112,1382,1083,1601,1381,1403,1270,1444,1573,1514,1552,1504,1665,1103,1324,1461,1442,1375,1317,1054,1131,983,1122,1067,888,781,751,568,658,508,465,324,434,280,339,260,311,236,220,107,94,59,31,52,40,22,24,18,3,0,0,0,0,0,0,0,0,0,0,0,0,0,0,0,0,0,0,0,0,0,0,0,0,0
0,0,0,0,0,0,0,0,0,0,0,0,0,0,0,0,0,0,0,0,0,0,0,0,4,11,5,7,14,44,53,68,100,97,189,158,171,200,334,422,437,436,582,511,696,651,970,962,1004,979,992,1086,1164,1082,1219,1231,1491,1333,1445,1059,1323,1132,1216,1049,1432,1284,1209,944,934,1058,904,992,811,763,691,693,607,816,559,675,451,522,396,429,305,271,211,160,92,108,69,52,26,22,21,22,26,4,6,1,0,0,0,0,0,0,0,0,0,0,0,0,0,0,0,0,0,0,0,0,0,0,0,0,0
0,0,0,0,0,0,0,0,0,0,0,0,0,0,0,0,0,0,0,0,0,0,0,0,1,2,14,6,14,13,25,36,49,77,88,131,213,154,254,178,247,307,358,525,391,492,509,541,746,648,769,722,943,1017,936,867,802,990,1013,1043,1156,968,1159,1099,893,670,833,856,881,964,717,665,750,624,705,762,523,397,329,382,377,283,268,202,131,176,115,129,132,76,59,49,30,21,40,13,6,3,1,0,0,0,0,0,0,0,0,0,0,0,0,0,0,0,0,0,0,0,0,0,0,0,0,0,0
0,0,0,0,0,0,0,0,0,0,0,0,0,0,0,0,0,0,0,0,0,0,0,0,0,0,1,6,8,5,22,12,28,40,71,108,106,81,144,200,239,359,240,212,411,440,556,497,514,568,728,779,510,754,773,686,882,733,795,744,873,636,727,751,854,984,959,809,634,627,707,670,619,473,418,383,407,368,502,337,343,219,246,158,137,140,155,69,56,47,30,30,25,17,12,2,1,0,0,0,0,0,0,0,0,0,0,0,0,0,0,0,0,0,0,0,0,0,0,0,0,0,0,0,0
0,0,0,0,0,0,0,0,0,0,0,0,0,0,0,0,0,0,0,0,0,0,0,0,0,0,0,0,3,9,13,8,16,43,31,31,65,66,100,81,163,160,275,388,197,298,291,338,447,424,339,460,504,545,457,562,596,656,544,581,537,735,745,837,567,485,433,565,681,520,513,407,372,366,503,272,328,255,210,167,175,153,164,116,109,53,62,38,89,40,34,17,9,7,3,1,0,0,0,0,0,0,0,0,0,0,0,0,0,0,0,0,0,0,0,0,0,0,0,0,0,0,0,0,0
0,0,0,0,0,0,0,0,0,0,0,0,0,0,0,0,0,0,0,0,0,0,0,0,0,0,0,0,0,0,6,5,8,13,13,37,39,41,28,82,75,87,123,106,176,195,193,237,197,332,321,281,318,374,349,395,380,412,392,556,502,432,329,364,430,470,524,326,408,295,259,243,304,231,182,269,251,158,161,131,115,72,76,80,95,53,75,29,22,12,19,11,7,3,1,0,0,0,0,0,0,0,0,0,0,0,0,0,0,0,0,0,0,0,0,0,0,0,0,0,0,0,0,0,0
0,0,0,0,0,0,0,0,0,0,0,0,0,0,0,0,0,0,0,0,0,0,0,0,0,0,0,0,0,0,0,8,4,4,15,10,18,34,50,56,45,60,48,128,150,127,183,165,190,214,219,225,286,274,313,433,386,350,291,306,320,365,422,415,386,272,196,246,234,281,377,212,179,254,205,216,141,108,173,121,146,61,81,65,41,24,25,13,22,7,7,2,1,0,0,0,0,0,0,0,0,0,0,0,0,0,0,0,0,0,0,0,0,0,0,0,0,0,0,0,0,0,0,0,0
0,0,0,0,0,0,0,0,0,0,0,0,0,0,0,0,0,0,0,0,0,0,0,0,0,0,0,0,0,0,0,0,0,4,2,9,6,13,9,16,39,39,42,64,51,88,98,172,107,120,137,135,202,177,184,111,160,183,292,283,252,265,196,189,171,224,250,282,192,170,124,206,163,182,89,123,111,74,91,87,52,36,34,24,30,19,17,22,2,2,3,0,0,0,0,0,0,0,0,0,0,0,0,0,0,0,0,0,0,0,0,0,0,0,0,0,0,0,0,0,0,0,0,0,0
0,0,0,0,0,0,0,0,0,0,0,0,0,0,0,0,0,0,0,0,0,0,0,0,0,0,0,0,0,0,0,0,0,0,1,4,3,7,8,11,17,25,35,35,49,35,34,65,79,83,152,114,95,99,178,148,200,138,108,110,125,141,191,155,175,166,96,105,109,139,98,110,52,72,57,52,50,39,39,32,36,37,41,21,12,7,2,2,2,0,0,0,0,0,0,0,0,0,0,0,0,0,0,0,0,0,0,0,0,0,0,0,0,0,0,0,0,0,0,0,0,0,0,0,0
0,0,0,0,0,0,0,0,0,0,0,0,0,0,0,0,0,0,0,0,0,0,0,0,0,0,0,0,0,0,0,0,0,0,0,0,1,2,2,11,11,11,11,16,22,48,49,29,25,55,16,53,67,50,58,53,56,61,108,126,109,105,72,103,59,50,83,94,71,58,74,39,59,111,72,29,23,26,36,46,21,11,3,6,7,3,3,1,0,0,0,0,0,0,0,0,0,0,0,0,0,0,0,0,0,0,0,0,0,0,0,0,0,0,0,0,0,0,0,0,0,0,0,0,0
0,0,0,0,0,0,0,0,0,0,0,0,0,0,0,0,0,0,0,0,0,0,0,0,0,0,0,0,0,0,0,0,0,0,0,0,0,0,1,5,0,1,4,3,7,18,12,12,37,38,44,47,42,53,58,60,64,54,53,52,55,40,65,77,77,55,50,52,65,65,55,50,33,25,21,36,36,39,9,3,4,3,5,4,2,0,0,0,0,0,0,0,0,0,0,0,0,0,0,0,0,0,0,0,0,0,0,0,0,0,0,0,0,0,0,0,0,0,0,0,0,0,0,0,0
0,0,0,0,0,0,0,0,0,0,0,0,0,0,0,0,0,0,0,0,0,0,0,0,0,0,0,0,0,0,0,0,0,0,0,0,0,0,0,0,0,1,3,3,2,2,11,6,10,10,14,13,36,29,21,45,26,31,34,38,39,28,27,44,17,19,41,15,23,11,13,10,30,14,24,4,3,5,6,5,8,4,0,0,0,0,0,0,0,0,0,0,0,0,0,0,0,0,0,0,0,0,0,0,0,0,0,0,0,0,0,0,0,0,0,0,0,0,0,0,0,0,0,0,0
0,0,0,0,0,0,0,0,0,0,0,0,0,0,0,0,0,0,0,0,0,0,0,0,0,0,0,0,0,0,0,0,0,0,0,0,0,0,0,0,0,0,0,0,1,3,5,2,7,5,5,7,4,4,7,3,21,6,20,10,13,23,13,21,37,14,21,9,15,6,11,8,6,10,3,5,6,5,5,1,0,0,0,0,0,0,0,0,0,0,0,0,0,0,0,0,0,0,0,0,0,0,0,0,0,0,0,0,0,0,0,0,0,0,0,0,0,0,0,0,0,0,0,0,0
0,0,0,0,0,0,0,0,0,0,0,0,0,0,0,0,0,0,0,0,0,0,0,0,0,0,0,0,0,0,0,0,0,0,0,0,0,0,0,0,0,0,0,0,0,0,0,1,1,2,2,7,1,7,14,3,9,13,4,8,7,6,11,10,9,11,8,6,10,2,3,5,1,5,2,0,1,0,0,0,0,0,0,0,0,0,0,0,0,0,0,0,0,0,0,0,0,0,0,0,0,0,0,0,0,0,0,0,0,0,0,0,0,0,0,0,0,0,0,0,0,0,0,0,0
0,0,0,0,0,0,0,0,0,0,0,0,0,0,0,0,0,0,0,0,0,0,0,0,0,0,0,0,0,0,0,0,0,0,0,0,0,0,0,0,0,0,0,0,0,0,0,0,0,0,0,0,1,4,1,1,5,5,6,6,5,8,3,7,2,1,4,0,3,2,0,2,0,0,0,0,0,0,0,0,0,0,0,0,0,0,0,0,0,0,0,0,0,0,0,0,0,0,0,0,0,0,0,0,0,0,0,0,0,0,0,0,0,0,0,0,0,0,0,0,0,0,0,0,0
0,0,0,0,0,0,0,0,0,0,0,0,0,0,0,0,0,0,0,0,0,0,0,0,0,0,0,0,0,0,0,0,0,0,0,0,0,0,0,0,0,0,0,0,0,0,0,0,0,0,0,0,0,0,0,0,0,0,0,0,0,0,0,0,0,0,0,0,0,0,0,0,0,0,0,0,0,0,0,0,0,0,0,0,0,0,0,0,0,0,0,0,0,0,0,0,0,0,0,0,0,0,0,0,0,0,0,0,0,0,0,0,0,0,0,0,0,0,0,0,0,0,0,0,0
